league,season,team,player,nation,pos,age,born,90s,performance_crdy,performance_crdr,performance_2crdy,performance_fls,performance_fld,performance_off,performance_crs,performance_int,performance_tklw,performance_pkwon,performance_pkcon,performance_og
INT-World Cup,2022,Argentina,Alexis Mac Allister,Argentina,MF,23,1998,6.1,0,0,0,1,13,0,1,3,4,,,0
INT-World Cup,2022,Argentina,Cristian Romero,Argentina,DF,24,1998,6.1,2,0,0,12,3,0,0,3,3,,,0
INT-World Cup,2022,Argentina,Emiliano Martínez,Argentina,GK,29,1992,7.7,1,0,0,0,1,0,0,0,0,,,0
INT-World Cup,2022,Argentina,Enzo Fernández,Argentina,MF,21,2001,6.3,1,0,0,7,6,0,2,3,15,,,1
INT-World Cup,2022,Argentina,Exequiel Palacios,Argentina,"DF,MF",23,1998,0.6,0,0,0,2,3,0,0,2,0,,,0
INT-World Cup,2022,Argentina,Germán Pezzella,Argentina,DF,30,1991,0.7,1,0,0,2,2,0,0,0,0,,,0
INT-World Cup,2022,Argentina,Gonzalo Montiel,Argentina,DF,25,1997,1.3,3,0,0,4,2,1,3,1,2,,,0
INT-World Cup,2022,Argentina,Guido Rodríguez,Argentina,MF,28,1994,0.6,0,0,0,0,0,0,0,0,0,,,0
INT-World Cup,2022,Argentina,Juan Foyth,Argentina,DF,24,1998,0.1,0,0,0,0,0,0,0,0,0,,,0
INT-World Cup,2022,Argentina,Julián Álvarez,Argentina,FW,22,2000,5.2,0,0,0,13,2,5,3,0,2,,,0
INT-World Cup,2022,Argentina,Lautaro Martínez,Argentina,FW,24,1997,2.7,0,0,0,1,5,5,0,1,0,,,0
INT-World Cup,2022,Argentina,Leandro Paredes,Argentina,MF,27,1994,2.5,2,0,0,6,5,0,0,3,4,,,0
INT-World Cup,2022,Argentina,Lionel Messi,Argentina,FW,34,1987,7.7,1,0,0,10,22,3,20,0,4,,,0
INT-World Cup,2022,Argentina,Lisandro Martínez,Argentina,DF,24,1998,3.4,1,0,0,2,3,0,1,3,2,,,0
INT-World Cup,2022,Argentina,Marcos Acuña,Argentina,"DF,MF",30,1991,4.1,3,0,0,9,9,0,17,2,8,,,0
INT-World Cup,2022,Argentina,Nahuel Molina,Argentina,"DF,MF",24,1998,6.3,0,0,0,3,0,1,6,3,4,,,0
INT-World Cup,2022,Argentina,Nicolás Otamendi,Argentina,DF,34,1988,7.7,2,0,0,13,5,1,0,9,6,,,0
INT-World Cup,2022,Argentina,Nicolás Tagliafico,Argentina,DF,29,1992,4.1,0,0,0,6,6,1,1,9,7,,,0
INT-World Cup,2022,Argentina,Papu Gómez,Argentina,"MF,FW",34,1988,1.2,0,0,0,1,5,1,1,1,0,,,0
INT-World Cup,2022,Argentina,Paulo Dybala,Argentina,"FW,MF",28,1993,0.2,0,0,0,1,0,0,0,0,1,,,0
INT-World Cup,2022,Argentina,Rodrigo De Paul,Argentina,MF,28,1994,6.7,0,0,0,7,15,0,12,7,7,,,0
INT-World Cup,2022,Argentina,Thiago Almada,Argentina,"FW,MF",21,2001,0.1,0,0,0,0,0,0,0,0,0,,,0
INT-World Cup,2022,Argentina,Ángel Correa,Argentina,"FW,MF",27,1995,0.1,0,0,0,0,1,0,0,0,1,,,0
INT-World Cup,2022,Argentina,Ángel Di María,Argentina,"MF,FW",34,1988,3.2,0,0,0,0,7,5,27,1,1,,,0
INT-World Cup,2022,Australia,Aaron Mooy,Australia,MF,31,1990,4.0,1,0,0,4,1,0,10,2,6,,,0
INT-World Cup,2022,Australia,Ajdin Hrustic,Australia,MF,25,1996,0.7,0,0,0,1,2,0,1,1,1,,,0
INT-World Cup,2022,Australia,Awer Mabil,Australia,"FW,MF",26,1995,0.3,0,0,0,0,0,0,0,1,0,,,0
INT-World Cup,2022,Australia,Aziz Behich,Australia,DF,31,1990,4.0,1,0,0,3,3,0,5,3,3,,,0
INT-World Cup,2022,Australia,Bailey Wright,Australia,DF,29,1992,0.2,0,0,0,0,0,0,0,0,0,,,0
INT-World Cup,2022,Australia,Craig Goodwin,Australia,MF,30,1991,2.6,0,0,0,1,2,0,18,0,3,,,0
INT-World Cup,2022,Australia,Fran Karačić,Australia,DF,26,1996,1.0,0,0,0,3,0,0,5,2,2,,,0
INT-World Cup,2022,Australia,Garang Kuol,Australia,MF,17,2004,0.4,0,0,0,1,0,0,0,1,0,,,0
INT-World Cup,2022,Australia,Harry Souttar,Australia,DF,23,1998,4.0,0,0,0,1,1,0,0,6,1,,,0
INT-World Cup,2022,Australia,Jackson Irvine,Australia,"MF,FW",29,1993,3.9,2,0,0,7,2,0,2,3,2,,,0
INT-World Cup,2022,Australia,Jamie Maclaren,Australia,FW,28,1993,0.6,0,0,0,1,0,0,2,1,0,,,0
INT-World Cup,2022,Australia,Jason Cummings,Australia,FW,26,1995,0.4,0,0,0,0,0,0,0,0,0,,,0
INT-World Cup,2022,Australia,Keanu Baccus,Australia,MF,24,1998,1.3,0,0,0,4,1,0,0,2,1,,,0
INT-World Cup,2022,Australia,Kye Rowles,Australia,DF,23,1998,4.0,0,0,0,1,2,0,0,7,2,,,0
INT-World Cup,2022,Australia,Mathew Leckie,Australia,MF,31,1991,3.7,0,0,0,8,6,0,4,1,4,,,0
INT-World Cup,2022,Australia,Mathew Ryan,Australia,GK,30,1992,4.0,0,0,0,0,1,0,0,0,0,,,0
INT-World Cup,2022,Australia,Miloš Degenek,Australia,DF,28,1994,2.0,2,0,0,2,8,0,1,1,4,,,0
INT-World Cup,2022,Australia,Mitchell Duke,Australia,FW,31,1991,3.0,1,0,0,6,3,1,1,2,0,,,0
INT-World Cup,2022,Australia,Nathaniel Atkinson,Australia,DF,23,1999,0.9,0,0,0,0,0,0,0,1,3,,,0
INT-World Cup,2022,Australia,Riley McGree,Australia,"MF,FW",23,1998,2.9,0,0,0,9,2,0,5,5,1,,,0
INT-World Cup,2022,Belgium,Amadou Onana,Belgium,MF,20,2001,1.2,2,0,0,4,3,0,0,0,2,,,0
INT-World Cup,2022,Belgium,Axel Witsel,Belgium,MF,33,1989,3.0,0,0,0,5,4,0,0,4,2,,,0
INT-World Cup,2022,Belgium,Charles De Ketelaere,Belgium,"FW,MF",21,2001,0.2,0,0,0,0,1,0,0,0,0,,,0
INT-World Cup,2022,Belgium,Dries Mertens,Belgium,FW,35,1987,0.8,0,0,0,0,0,0,5,0,0,,,0
INT-World Cup,2022,Belgium,Eden Hazard,Belgium,FW,31,1991,1.4,0,0,0,0,7,0,1,1,0,,,0
INT-World Cup,2022,Belgium,Jan Vertonghen,Belgium,DF,35,1987,3.0,0,0,0,0,6,0,0,5,0,,,0
INT-World Cup,2022,Belgium,Jeremy Doku,Belgium,"FW,MF",20,2002,0.2,0,0,0,0,1,0,3,0,0,,,0
INT-World Cup,2022,Belgium,Kevin De Bruyne,Belgium,"FW,MF",30,1991,3.0,0,0,0,0,2,0,19,0,1,,,0
INT-World Cup,2022,Belgium,Leander Dendoncker,Belgium,DF,27,1995,1.8,1,0,0,3,0,0,0,0,3,,,0
INT-World Cup,2022,Belgium,Leandro Trossard,Belgium,FW,27,1994,1.1,0,0,0,0,2,0,2,0,0,,,0
INT-World Cup,2022,Belgium,Loïs Openda,Belgium,FW,22,2000,0.1,0,0,0,0,1,0,1,0,0,,,0
INT-World Cup,2022,Belgium,Michy Batshuayi,Belgium,FW,28,1993,1.7,0,0,0,5,1,2,0,0,0,,,0
INT-World Cup,2022,Belgium,Romelu Lukaku,Belgium,FW,29,1993,0.6,0,0,0,1,0,0,0,0,0,,,0
INT-World Cup,2022,Belgium,Thibaut Courtois,Belgium,GK,30,1992,3.0,0,0,0,0,0,0,0,0,0,,,0
INT-World Cup,2022,Belgium,Thomas Meunier,Belgium,MF,30,1991,2.3,1,0,0,4,1,0,6,2,6,,,0
INT-World Cup,2022,Belgium,Thorgan Hazard,Belgium,MF,29,1993,1.2,0,0,0,2,2,1,9,0,2,,,0
INT-World Cup,2022,Belgium,Timothy Castagne,Belgium,"MF,DF",26,1995,3.0,0,0,0,3,1,0,3,2,3,,,0
INT-World Cup,2022,Belgium,Toby Alderweireld,Belgium,DF,33,1989,3.0,0,0,0,0,0,0,2,0,2,,,0
INT-World Cup,2022,Belgium,Yannick Carrasco,Belgium,"MF,FW",28,1993,1.3,1,0,0,1,2,0,2,1,5,,,0
INT-World Cup,2022,Belgium,Youri Tielemans,Belgium,MF,25,1997,1.1,0,0,0,2,1,0,1,2,1,,,0
INT-World Cup,2022,Brazil,Alex Sandro,Brazil,DF,31,1991,2.1,0,0,0,3,2,0,4,3,3,,,0
INT-World Cup,2022,Brazil,Alex Telles,Brazil,DF,29,1992,0.7,0,0,0,1,0,0,3,0,1,,,0
INT-World Cup,2022,Brazil,Alisson,Brazil,GK,29,1992,4.2,0,0,0,0,1,0,0,0,0,,,0
INT-World Cup,2022,Brazil,Antony,Brazil,MF,22,2000,1.9,0,0,0,2,5,0,10,1,0,,,0
INT-World Cup,2022,Brazil,Bruno Guimarães,Brazil,MF,24,1997,0.8,1,0,0,2,2,0,3,0,0,,,0
INT-World Cup,2022,Brazil,Casemiro,Brazil,MF,30,1992,4.3,1,0,0,7,3,0,2,6,4,,,0
INT-World Cup,2022,Brazil,Dani Alves,Brazil,DF,39,1983,1.3,0,0,0,5,2,0,6,2,4,,,0
INT-World Cup,2022,Brazil,Danilo,Brazil,DF,30,1991,3.1,1,0,0,3,1,0,8,3,2,,,0
INT-World Cup,2022,Brazil,Ederson Moraes,Brazil,GK,28,1993,1.0,0,0,0,0,0,0,0,0,0,,,0
INT-World Cup,2022,Brazil,Everton Ribeiro,Brazil,MF,33,1989,0.4,0,0,0,0,0,0,2,0,0,,,0
INT-World Cup,2022,Brazil,Fabinho,Brazil,MF,28,1993,1.0,0,0,0,2,0,0,0,1,2,,,0
INT-World Cup,2022,Brazil,Fred,Brazil,MF,29,1993,1.6,1,0,0,3,0,0,0,0,3,,,0
INT-World Cup,2022,Brazil,Gabriel Jesus,Brazil,FW,25,1997,1.0,0,0,0,1,4,0,1,2,1,,,0
INT-World Cup,2022,Brazil,Gabriel Martinelli,Brazil,FW,20,2001,1.3,0,0,0,2,3,1,5,0,1,,,0
INT-World Cup,2022,Brazil,Gleison Bremer,Brazil,DF,25,1997,1.2,0,0,0,2,0,0,0,1,1,,,0
INT-World Cup,2022,Brazil,Lucas Paquetá,Brazil,MF,24,1997,3.5,0,0,0,4,2,0,4,2,5,,,0
INT-World Cup,2022,Brazil,Marquinhos,Brazil,DF,28,1994,4.7,1,0,0,1,2,0,1,2,4,,,0
INT-World Cup,2022,Brazil,Neymar,Brazil,"MF,FW",30,1992,3.1,0,0,0,4,16,2,8,1,0,,,0
INT-World Cup,2022,Brazil,Pedro,Brazil,FW,24,1997,0.7,0,0,0,2,1,0,0,1,2,,,0
INT-World Cup,2022,Brazil,Raphinha,Brazil,"FW,MF",25,1996,3.5,0,0,0,2,5,0,22,3,6,,,0
INT-World Cup,2022,Brazil,Richarlison,Brazil,FW,25,1997,3.6,0,0,0,5,6,1,2,1,2,,,0
INT-World Cup,2022,Brazil,Rodrygo,Brazil,MF,21,2001,2.0,0,0,0,3,6,1,9,2,1,,,0
INT-World Cup,2022,Brazil,Thiago Silva,Brazil,DF,37,1984,4.3,0,0,0,2,3,0,1,5,2,,,0
INT-World Cup,2022,Brazil,Vinicius Júnior,Brazil,"FW,MF",21,2000,3.3,0,0,0,0,7,3,13,0,1,,,0
INT-World Cup,2022,Brazil,Wéverton,Brazil,GK,34,1987,0.1,0,0,0,0,0,0,0,0,0,,,0
INT-World Cup,2022,Brazil,Éder Militão,Brazil,DF,24,1998,3.9,1,0,0,7,3,0,3,3,5,,,0
INT-World Cup,2022,Cameroon,Andre-Frank Zambo Anguissa,Cameroon,MF,26,1995,2.9,0,0,0,6,4,0,2,5,0,,,0
INT-World Cup,2022,Cameroon,André Onana,Cameroon,GK,26,1996,0.9,0,0,0,0,0,0,0,0,0,,,0
INT-World Cup,2022,Cameroon,Bryan Mbeumo,Cameroon,"FW,MF",22,1999,2.6,0,0,0,1,8,0,12,1,0,,,0
INT-World Cup,2022,Cameroon,Christian Bassogog,Cameroon,"FW,MF",26,1995,0.3,1,0,0,0,1,0,2,1,0,,,0
INT-World Cup,2022,Cameroon,Christopher Wooh,Cameroon,DF,20,2001,1.0,0,0,0,2,0,0,0,1,1,,,0
INT-World Cup,2022,Cameroon,Collins Fai,Cameroon,DF,29,1992,3.0,2,0,0,4,4,0,13,4,1,,,0
INT-World Cup,2022,Cameroon,Devis Epassy,Cameroon,GK,29,1993,2.0,0,0,0,0,1,0,0,0,0,,,0
INT-World Cup,2022,Cameroon,Enzo Ebosse,Cameroon,DF,23,1999,1.0,0,0,0,0,0,0,0,0,2,,,0
INT-World Cup,2022,Cameroon,Eric Maxim Choupo-Moting,Cameroon,FW,33,1989,2.8,0,0,0,0,1,1,0,1,2,,,0
INT-World Cup,2022,Cameroon,Gaël Ondoua,Cameroon,MF,26,1995,0.5,0,0,0,2,1,0,0,2,2,,,0
INT-World Cup,2022,Cameroon,Georges-Kévin N'Koudou,Cameroon,"FW,MF",27,1995,0.3,0,0,0,1,1,0,2,0,0,,,0
INT-World Cup,2022,Cameroon,Jean-Charles Castelletto,Cameroon,DF,27,1995,2.0,0,0,0,1,1,0,3,6,3,,,0
INT-World Cup,2022,Cameroon,Jerome Ngom Mbekeli,Cameroon,MF,23,1998,0.1,0,0,0,0,0,0,2,0,0,,,0
INT-World Cup,2022,Cameroon,Karl Toko Ekambi,Cameroon,FW,29,1992,1.8,0,0,0,0,3,0,3,1,1,,,0
INT-World Cup,2022,Cameroon,Martin Hongla,Cameroon,MF,24,1998,1.3,0,0,0,1,1,1,1,2,0,,,0
INT-World Cup,2022,Cameroon,Moumi Ngamaleu,Cameroon,MF,27,1994,1.1,0,0,0,3,5,0,1,0,1,,,0
INT-World Cup,2022,Cameroon,Nicolas Nkoulou,Cameroon,DF,32,1990,2.0,1,0,0,2,2,0,0,5,0,,,0
INT-World Cup,2022,Cameroon,Nouhou Tolo,Cameroon,DF,24,1997,3.0,1,0,0,3,1,0,7,6,6,,,0
INT-World Cup,2022,Cameroon,Olivier Ntcham,Cameroon,MF,26,1996,0.3,0,0,0,0,0,0,0,0,0,,,0
INT-World Cup,2022,Cameroon,Pierre Kunde,Cameroon,MF,26,1995,1.5,1,0,0,3,1,0,4,4,2,,,0
INT-World Cup,2022,Cameroon,Samuel Oum Gouet,Cameroon,MF,24,1997,1.1,0,0,0,0,1,0,1,0,1,,,0
INT-World Cup,2022,Cameroon,Vincent Aboubakar,Cameroon,FW,30,1992,1.6,2,1,1,3,2,0,0,0,0,,,0
INT-World Cup,2022,Canada,Alistair Johnston,Canada,DF,23,1998,3.0,1,0,0,5,3,0,8,2,3,,,0
INT-World Cup,2022,Canada,Alphonso Davies,Canada,"MF,FW",21,2000,3.0,1,0,0,4,4,1,11,3,1,,,0
INT-World Cup,2022,Canada,Atiba Hutchinson,Canada,MF,39,1983,1.8,0,0,0,2,2,0,0,1,1,,,0
INT-World Cup,2022,Canada,Cyle Larin,Canada,FW,27,1995,1.5,0,0,0,2,0,2,3,0,0,,,0
INT-World Cup,2022,Canada,David Wotherspoon,Canada,MF,32,1990,0.2,0,0,0,0,1,0,1,0,0,,,0
INT-World Cup,2022,Canada,Ismaël Koné,Canada,MF,19,2002,1.2,0,0,0,0,1,0,1,0,0,,,0
INT-World Cup,2022,Canada,Jonathan David,Canada,FW,22,2000,2.1,0,0,0,0,1,0,0,0,1,,,0
INT-World Cup,2022,Canada,Jonathan Osorio,Canada,MF,30,1992,1.3,1,0,0,1,2,0,0,1,1,,,0
INT-World Cup,2022,Canada,Junior Hoilett,Canada,MF,32,1990,1.8,1,0,0,1,5,1,13,1,4,,,0
INT-World Cup,2022,Canada,Kamal Miller,Canada,DF,25,1997,3.0,1,0,0,0,3,0,0,3,4,,,0
INT-World Cup,2022,Canada,Liam Millar,Canada,"FW,MF",22,1999,0.1,0,0,0,1,0,0,2,0,0,,,0
INT-World Cup,2022,Canada,Lucas Cavallini,Canada,FW,29,1992,0.2,0,0,0,1,0,0,1,0,0,,,0
INT-World Cup,2022,Canada,Mark-Anthony Kaye,Canada,MF,27,1994,0.7,0,0,0,1,1,0,0,0,1,,,0
INT-World Cup,2022,Canada,Milan Borjan,Canada,GK,34,1987,3.0,0,0,0,0,0,0,0,0,0,,,0
INT-World Cup,2022,Canada,Richie Laryea,Canada,"MF,DF",27,1995,1.8,0,0,0,1,2,2,1,0,1,,,0
INT-World Cup,2022,Canada,Sam Adekugbe,Canada,DF,27,1995,1.1,1,0,0,1,0,0,5,1,0,,,0
INT-World Cup,2022,Canada,Stephen Eustáquio,Canada,MF,25,1996,1.4,0,0,0,1,1,0,1,2,2,,,0
INT-World Cup,2022,Canada,Steven Vitória,Canada,DF,35,1987,3.0,1,0,0,6,5,0,0,0,4,,,0
INT-World Cup,2022,Canada,Tajon Buchanan,Canada,"MF,FW",23,1999,2.9,1,0,0,6,6,2,8,3,1,,,0
INT-World Cup,2022,Costa Rica,Anthony Contreras,Costa Rica,FW,22,2000,1.4,1,0,0,1,1,0,1,1,2,,,0
INT-World Cup,2022,Costa Rica,Brandon Aguilera,Costa Rica,MF,18,2003,1.0,0,0,0,2,2,1,1,1,0,,,0
INT-World Cup,2022,Costa Rica,Bryan Oviedo,Costa Rica,DF,32,1990,2.9,0,0,0,2,4,1,2,3,5,,,0
INT-World Cup,2022,Costa Rica,Bryan Ruiz,Costa Rica,"FW,MF",36,1985,0.3,0,0,0,0,1,0,0,0,1,,,0
INT-World Cup,2022,Costa Rica,Carlos Martínez,Costa Rica,DF,23,1999,0.5,0,0,0,1,0,0,0,1,1,,,0
INT-World Cup,2022,Costa Rica,Celso Borges,Costa Rica,MF,34,1988,2.8,1,0,0,2,0,0,2,5,1,,,0
INT-World Cup,2022,Costa Rica,Daniel Chacón,Costa Rica,DF,21,2001,0.0,0,0,0,0,0,0,0,0,0,,,0
INT-World Cup,2022,Costa Rica,Francisco Calvo,Costa Rica,DF,29,1992,2.0,2,0,0,6,0,1,0,2,4,,,0
INT-World Cup,2022,Costa Rica,Gerson Torres,Costa Rica,MF,24,1997,0.7,0,0,0,1,8,0,0,0,0,,,0
INT-World Cup,2022,Costa Rica,Jewison Bennette,Costa Rica,MF,17,2004,1.1,0,0,0,0,2,2,2,0,0,,,0
INT-World Cup,2022,Costa Rica,Joel Campbell,Costa Rica,"MF,FW",29,1992,3.0,1,0,0,3,11,3,7,0,5,,,0
INT-World Cup,2022,Costa Rica,Johan Venegas,Costa Rica,FW,33,1988,0.8,0,0,0,1,1,2,1,0,0,,,0
INT-World Cup,2022,Costa Rica,Juan Pablo Vargas,Costa Rica,DF,27,1995,1.0,0,0,0,0,0,0,0,1,3,,,0
INT-World Cup,2022,Costa Rica,Kendall Waston,Costa Rica,DF,34,1988,2.5,0,0,0,1,0,0,0,5,4,,,0
INT-World Cup,2022,Costa Rica,Keylor Navas,Costa Rica,GK,35,1986,3.0,0,0,0,0,0,0,0,1,0,,,0
INT-World Cup,2022,Costa Rica,Keysher Fuller,Costa Rica,"DF,MF",27,1994,2.8,0,0,0,2,4,2,2,2,4,,,0
INT-World Cup,2022,Costa Rica,Roan Wilson,Costa Rica,FW,20,2002,0.0,0,0,0,0,0,0,0,0,0,,,0
INT-World Cup,2022,Costa Rica,Rónald Matarrita,Costa Rica,"DF,MF",27,1994,0.3,0,0,0,1,1,0,3,0,0,,,0
INT-World Cup,2022,Costa Rica,Yeltsin Tejeda,Costa Rica,MF,30,1992,3.0,0,0,0,0,2,0,0,1,2,,,0
INT-World Cup,2022,Costa Rica,Youstin Salas,Costa Rica,DF,25,1996,0.5,0,0,0,0,0,0,0,0,1,,,0
INT-World Cup,2022,Costa Rica,Álvaro Zamora,Costa Rica,FW,20,2002,0.3,0,0,0,0,0,1,0,1,0,,,0
INT-World Cup,2022,Costa Rica,Óscar Duarte,Costa Rica,DF,33,1989,3.0,1,0,0,1,0,0,0,7,2,,,0
INT-World Cup,2022,Croatia,Andrej Kramarić,Croatia,FW,30,1991,5.3,0,0,0,1,4,2,6,0,2,,,0
INT-World Cup,2022,Croatia,Ante Budimir,Croatia,FW,30,1991,0.6,0,0,0,4,2,0,0,0,1,,,0
INT-World Cup,2022,Croatia,Borna Barišić,Croatia,DF,29,1992,1.3,1,0,0,5,2,0,11,0,1,,,0
INT-World Cup,2022,Croatia,Borna Sosa,Croatia,DF,24,1998,4.7,0,0,0,4,2,0,21,2,7,,,0
INT-World Cup,2022,Croatia,Bruno Petković,Croatia,FW,27,1994,2.6,1,0,0,3,11,0,1,0,4,,,0
INT-World Cup,2022,Croatia,Dejan Lovren,Croatia,DF,32,1989,6.7,1,0,0,2,5,1,3,6,2,,,0
INT-World Cup,2022,Croatia,Dominik Livaković,Croatia,GK,27,1995,7.7,1,0,0,1,0,0,0,0,0,,,0
INT-World Cup,2022,Croatia,Ivan Perišić,Croatia,"FW,MF",33,1989,7.4,0,0,0,10,0,3,27,7,3,,,0
INT-World Cup,2022,Croatia,Josip Juranović,Croatia,DF,26,1995,6.7,0,0,0,1,6,0,24,2,7,,,0
INT-World Cup,2022,Croatia,Josip Stanišić,Croatia,DF,22,2000,1.0,0,0,0,1,2,0,1,1,3,,,0
INT-World Cup,2022,Croatia,Josip Šutalo,Croatia,DF,22,2000,1.0,0,0,0,0,0,0,0,0,0,,,0
INT-World Cup,2022,Croatia,Joško Gvardiol,Croatia,DF,20,2002,7.7,0,0,0,8,6,0,1,12,7,,,0
INT-World Cup,2022,Croatia,Kristijan Jakić,Croatia,"DF,MF",25,1997,0.0,0,0,0,0,0,0,0,0,0,,,0
INT-World Cup,2022,Croatia,Lovro Majer,Croatia,MF,24,1998,1.4,0,0,0,5,3,0,8,1,1,,,0
INT-World Cup,2022,Croatia,Luka Modrić,Croatia,MF,36,1985,7.3,1,0,0,13,15,1,33,8,11,,,0
INT-World Cup,2022,Croatia,Marcelo Brozović,Croatia,MF,29,1992,6.1,1,0,0,12,11,0,4,4,7,,,0
INT-World Cup,2022,Croatia,Mario Pašalić,Croatia,FW,27,1995,3.0,0,0,0,4,1,2,1,3,6,,,0
INT-World Cup,2022,Croatia,Marko Livaja,Croatia,FW,28,1993,2.7,0,0,0,6,3,1,1,1,1,,,0
INT-World Cup,2022,Croatia,Mateo Kovačić,Croatia,MF,28,1994,7.1,2,0,0,3,11,0,3,4,18,,,0
INT-World Cup,2022,Croatia,Mislav Oršić,Croatia,MF,29,1992,1.8,0,0,0,3,0,1,4,0,3,,,0
INT-World Cup,2022,Croatia,Nikola Vlašić,Croatia,FW,24,1997,2.3,0,0,0,4,6,0,4,1,1,,,0
INT-World Cup,2022,Denmark,Alexander Bah,Denmark,"DF,MF",24,1997,0.5,0,0,0,1,0,0,4,2,4,,,0
INT-World Cup,2022,Denmark,Andreas Christensen,Denmark,DF,26,1996,3.0,1,0,0,2,1,1,0,4,3,,,0
INT-World Cup,2022,Denmark,Andreas Cornelius,Denmark,FW,29,1993,1.0,1,0,0,4,2,0,1,0,0,,,0
INT-World Cup,2022,Denmark,Andreas Skov Olsen,Denmark,FW,22,1999,1.5,0,0,0,2,1,0,4,0,0,,,0
INT-World Cup,2022,Denmark,Christian Eriksen,Denmark,MF,30,1992,3.0,0,0,0,2,1,0,30,0,0,,,0
INT-World Cup,2022,Denmark,Christian Nørgaard,Denmark,MF,28,1994,0.1,0,0,0,0,0,0,0,0,0,,,0
INT-World Cup,2022,Denmark,Jesper Lindstrøm,Denmark,FW,22,2000,2.2,0,0,0,4,2,0,3,0,1,,,0
INT-World Cup,2022,Denmark,Joachim Andersen,Denmark,DF,26,1996,3.0,0,0,0,3,4,0,1,0,1,,,0
INT-World Cup,2022,Denmark,Joakim Mæhle,Denmark,"MF,DF",25,1997,2.8,0,0,0,1,4,0,5,2,5,,,0
INT-World Cup,2022,Denmark,Kasper Dolberg,Denmark,FW,24,1997,1.3,0,0,0,2,2,1,1,0,1,,,0
INT-World Cup,2022,Denmark,Kasper Schmeichel,Denmark,GK,35,1986,3.0,0,0,0,0,0,0,0,0,0,,,0
INT-World Cup,2022,Denmark,Martin Braithwaite,Denmark,FW,31,1991,1.1,0,0,0,0,0,2,0,0,0,,,0
INT-World Cup,2022,Denmark,Mathias Jensen,Denmark,MF,26,1996,0.9,1,0,0,2,1,0,2,0,1,,,0
INT-World Cup,2022,Denmark,Mikkel Damsgaard,Denmark,FW,21,2000,1.7,0,0,0,2,1,1,3,1,3,,,0
INT-World Cup,2022,Denmark,Pierre Højbjerg,Denmark,MF,26,1995,3.0,0,0,0,0,1,0,1,4,2,,,0
INT-World Cup,2022,Denmark,Rasmus Kristensen,Denmark,"MF,DF",24,1997,2.5,1,0,0,2,1,0,7,2,8,,,0
INT-World Cup,2022,Denmark,Robert Skov,Denmark,"FW,MF",26,1996,0.2,1,0,0,1,0,0,5,0,0,,,0
INT-World Cup,2022,Denmark,Simon Kjær,Denmark,DF,33,1989,0.7,0,0,0,0,0,0,0,5,0,,,0
INT-World Cup,2022,Denmark,Thomas Delaney,Denmark,MF,30,1991,0.5,0,0,0,0,0,0,1,0,0,,,0
INT-World Cup,2022,Denmark,Victor Nelsson,Denmark,DF,23,1998,1.0,0,0,0,0,2,0,0,2,0,,,0
INT-World Cup,2022,Ecuador,Alan Franco,Ecuador,MF,23,1998,0.5,0,0,0,0,0,0,0,1,0,,,0
INT-World Cup,2022,Ecuador,Carlos Gruezo,Ecuador,MF,27,1995,0.5,0,0,0,0,0,0,0,0,2,,,0
INT-World Cup,2022,Ecuador,Djorkaeff Reasco,Ecuador,FW,23,1999,0.3,0,0,0,1,0,0,0,0,0,,,0
INT-World Cup,2022,Ecuador,Enner Valencia,Ecuador,FW,32,1989,2.8,0,0,0,3,7,2,3,1,0,,,0
INT-World Cup,2022,Ecuador,Félix Torres Caicedo,Ecuador,DF,25,1997,3.0,0,0,0,1,0,0,0,4,2,,,0
INT-World Cup,2022,Ecuador,Gonzalo Plata,Ecuador,"FW,MF",21,2000,3.0,0,0,0,4,6,0,17,2,2,,,0
INT-World Cup,2022,Ecuador,Hernán Galíndez,Ecuador,GK,35,1987,3.0,0,0,0,0,0,0,0,0,0,,,0
INT-World Cup,2022,Ecuador,Jackson Porozo,Ecuador,DF,21,2000,1.1,0,0,0,1,2,1,0,3,2,,,0
INT-World Cup,2022,Ecuador,Jeremy Sarmiento,Ecuador,MF,19,2002,0.9,0,0,0,2,2,1,5,1,1,,,0
INT-World Cup,2022,Ecuador,Jhegson Méndez,Ecuador,MF,25,1997,2.0,2,0,0,3,2,0,2,1,2,,,0
INT-World Cup,2022,Ecuador,José Cifuentes,Ecuador,MF,23,1999,0.7,0,0,0,3,0,0,2,0,2,,,0
INT-World Cup,2022,Ecuador,Kevin Rodríguez,Ecuador,FW,22,2000,0.0,0,0,0,1,0,0,0,0,0,,,0
INT-World Cup,2022,Ecuador,Michael Estrada,Ecuador,FW,26,1996,2.5,0,0,0,6,7,2,0,0,0,,,0
INT-World Cup,2022,Ecuador,Moisés Caicedo,Ecuador,MF,20,2001,3.0,1,0,0,4,5,0,0,2,3,,,0
INT-World Cup,2022,Ecuador,Pervis Estupiñán,Ecuador,"DF,MF",24,1998,3.0,0,0,0,8,3,2,20,3,4,,,0
INT-World Cup,2022,Ecuador,Piero Hincapié,Ecuador,DF,20,2002,3.0,0,0,0,5,1,0,1,2,4,,,0
INT-World Cup,2022,Ecuador,Romario Ibarra,Ecuador,MF,27,1994,0.8,0,0,0,0,0,0,0,1,0,,,0
INT-World Cup,2022,Ecuador,Ángelo Preciado,Ecuador,"DF,MF",24,1998,2.9,0,0,0,8,2,0,8,5,3,,,0
INT-World Cup,2022,England,Bukayo Saka,England,"FW,MF",20,2001,3.2,0,0,0,7,6,2,5,2,4,,,0
INT-World Cup,2022,England,Callum Wilson,England,FW,30,1992,0.5,0,0,0,0,2,0,0,0,0,,,0
INT-World Cup,2022,England,Declan Rice,England,MF,23,1999,4.6,0,0,0,3,2,0,4,11,5,,,0
INT-World Cup,2022,England,Eric Dier,England,"DF,MF",28,1994,0.4,0,0,0,1,0,0,0,0,1,,,0
INT-World Cup,2022,England,Harry Kane,England,FW,28,1993,4.5,0,0,0,1,9,0,6,0,1,,,0
INT-World Cup,2022,England,Harry Maguire,England,DF,29,1993,4.8,1,0,0,6,2,1,1,4,3,,,0
INT-World Cup,2022,England,Jack Grealish,England,"FW,MF",26,1995,1.0,0,0,0,0,10,0,0,3,1,,,0
INT-World Cup,2022,England,John Stones,England,DF,28,1994,4.8,0,0,0,4,3,0,0,1,2,,,0
INT-World Cup,2022,England,Jordan Henderson,England,MF,31,1990,3.0,0,0,0,5,4,0,8,1,2,,,0
INT-World Cup,2022,England,Jordan Pickford,England,GK,28,1994,5.0,0,0,0,0,0,0,0,0,0,,,0
INT-World Cup,2022,England,Jude Bellingham,England,MF,18,2003,4.6,0,0,0,5,5,0,4,6,14,,,0
INT-World Cup,2022,England,Kalvin Phillips,England,"DF,MF",26,1995,0.5,0,0,0,1,0,0,0,0,0,,,0
INT-World Cup,2022,England,Kieran Trippier,England,DF,31,1990,2.3,0,0,0,1,0,0,10,1,4,,,0
INT-World Cup,2022,England,Kyle Walker,England,DF,32,1990,2.6,0,0,0,3,3,0,2,2,1,,,0
INT-World Cup,2022,England,Luke Shaw,England,DF,26,1995,4.7,0,0,0,5,4,0,22,5,1,,,0
INT-World Cup,2022,England,Marcus Rashford,England,MF,24,1997,1.6,0,0,0,1,0,1,1,1,0,,,0
INT-World Cup,2022,England,Mason Mount,England,MF,23,1999,2.1,0,0,0,7,9,0,3,0,2,,,0
INT-World Cup,2022,England,Phil Foden,England,"FW,MF",22,2000,2.9,0,0,0,2,4,0,14,1,1,,,0
INT-World Cup,2022,England,Raheem Sterling,England,"MF,FW",27,1994,1.7,0,0,0,0,2,1,2,1,1,,,0
INT-World Cup,2022,England,Trent Alexander-Arnold,England,"DF,MF",23,1998,0.4,0,0,0,1,0,0,0,0,0,,,0
INT-World Cup,2022,France,Adrien Rabiot,France,MF,27,1995,5.4,1,0,0,10,4,0,7,9,9,,,0
INT-World Cup,2022,France,Antoine Griezmann,France,MF,31,1991,6.0,1,0,0,3,9,3,40,8,8,,,0
INT-World Cup,2022,France,Aurélien Tchouaméni,France,MF,22,2000,6.9,1,0,0,8,10,0,3,14,4,,,0
INT-World Cup,2022,France,Axel Disasi,France,DF,24,1998,1.0,0,0,0,0,1,0,2,2,3,,,0
INT-World Cup,2022,France,Benjamin Pavard,France,DF,26,1996,1.0,0,0,0,0,0,0,1,1,0,,,0
INT-World Cup,2022,France,Dayot Upamecano,France,DF,23,1998,5.3,0,0,0,4,3,0,0,6,7,,,0
INT-World Cup,2022,France,Eduardo Camavinga,France,DF,19,2002,1.6,0,0,0,2,8,0,2,3,10,,,0
INT-World Cup,2022,France,Hugo Lloris,France,GK,35,1986,6.3,0,0,0,0,1,0,0,0,0,,,0
INT-World Cup,2022,France,Ibrahima Konaté,France,DF,23,1999,3.3,0,0,0,2,4,0,1,7,6,,,0
INT-World Cup,2022,France,Jordan Veretout,France,MF,29,1993,0.7,0,0,0,2,0,0,0,0,0,,,0
INT-World Cup,2022,France,Jules Koundé,France,DF,23,1998,5.3,1,0,0,4,2,0,2,6,8,,,0
INT-World Cup,2022,France,Kingsley Coman,France,FW,26,1996,1.9,0,0,0,1,2,0,13,3,2,,,0
INT-World Cup,2022,France,Kylian Mbappé,France,"MF,FW",23,1998,6.6,0,0,0,7,7,6,24,0,0,,,0
INT-World Cup,2022,France,Lucas Hernández,France,DF,26,1996,0.1,0,0,0,0,0,0,1,0,1,,,0
INT-World Cup,2022,France,Marcus Thuram,France,"FW,MF",24,1997,1.7,1,0,0,3,5,1,1,0,2,,,0
INT-World Cup,2022,France,Mattéo Guendouzi,France,FW,23,1999,0.9,0,0,0,0,1,0,0,0,1,,,0
INT-World Cup,2022,France,Olivier Giroud,France,FW,35,1986,4.7,1,0,0,2,4,3,0,1,0,,,0
INT-World Cup,2022,France,Ousmane Dembélé,France,"MF,FW",25,1997,4.8,1,0,0,6,3,2,19,3,6,,,0
INT-World Cup,2022,France,Randal Kolo Muani,France,FW,23,1998,2.0,0,0,0,4,5,0,1,1,5,,,0
INT-World Cup,2022,France,Raphaël Varane,France,DF,29,1993,5.8,0,0,0,1,1,1,1,5,0,,,0
INT-World Cup,2022,France,Steve Mandanda,France,GK,37,1985,1.0,0,0,0,0,0,0,0,0,0,,,0
INT-World Cup,2022,France,Theo Hernández,France,DF,24,1997,5.6,1,0,0,6,13,0,13,4,13,,,0
INT-World Cup,2022,France,William Saliba,France,DF,21,2001,0.3,0,0,0,0,1,0,0,0,0,,,0
INT-World Cup,2022,France,Youssouf Fofana,France,MF,23,1999,2.5,0,0,0,3,1,0,0,3,5,,,0
INT-World Cup,2022,Germany,Antonio Rüdiger,Germany,DF,29,1993,3.0,0,0,0,0,3,1,0,0,1,,,0
INT-World Cup,2022,Germany,David Raum,Germany,DF,24,1998,2.7,0,0,0,5,3,1,24,7,2,,,0
INT-World Cup,2022,Germany,Jamal Musiala,Germany,MF,19,2003,2.9,0,0,0,1,6,1,1,1,1,,,0
INT-World Cup,2022,Germany,Jonas Hofmann,Germany,MF,29,1992,0.3,0,0,0,0,0,0,0,0,0,,,0
INT-World Cup,2022,Germany,Joshua Kimmich,Germany,"MF,DF",27,1995,3.0,1,0,0,2,2,0,21,4,2,,,0
INT-World Cup,2022,Germany,Kai Havertz,Germany,FW,23,1999,1.1,0,0,0,3,0,3,2,1,1,,,0
INT-World Cup,2022,Germany,Leon Goretzka,Germany,MF,27,1995,1.8,1,0,0,4,3,0,1,1,3,,,0
INT-World Cup,2022,Germany,Leroy Sané,Germany,MF,26,1996,1.2,0,0,0,0,0,0,2,0,1,,,0
INT-World Cup,2022,Germany,Lukas Klostermann,Germany,"DF,MF",26,1996,0.7,0,0,0,1,0,0,0,0,1,,,0
INT-World Cup,2022,Germany,Manuel Neuer,Germany,GK,36,1986,3.0,0,0,0,0,0,0,0,0,0,,,1
INT-World Cup,2022,Germany,Mario Götze,Germany,"FW,MF",30,1992,0.4,0,0,0,0,1,0,2,0,2,,,0
INT-World Cup,2022,Germany,Matthias Ginter,Germany,"DF,MF",28,1994,0.0,0,0,0,1,0,0,0,0,0,,,0
INT-World Cup,2022,Germany,Niclas Füllkrug,Germany,FW,29,1993,0.8,0,0,0,0,1,0,0,0,0,,,0
INT-World Cup,2022,Germany,Nico Schlotterbeck,Germany,DF,22,1999,1.0,0,0,0,1,1,0,0,1,3,,,0
INT-World Cup,2022,Germany,Niklas Süle,Germany,DF,26,1995,3.0,0,0,0,0,2,0,1,0,4,,,0
INT-World Cup,2022,Germany,Serge Gnabry,Germany,MF,26,1995,2.9,0,0,0,2,2,3,7,2,2,,,0
INT-World Cup,2022,Germany,Thilo Kehrer,Germany,DF,25,1996,0.8,1,0,0,3,0,0,0,2,2,,,0
INT-World Cup,2022,Germany,Thomas Müller,Germany,"FW,MF",32,1989,2.2,0,0,0,0,1,2,5,1,2,,,0
INT-World Cup,2022,Germany,Youssoufa Moukoko,Germany,FW,17,2004,0.0,0,0,0,0,0,0,1,0,0,,,0
INT-World Cup,2022,Germany,İlkay Gündoğan,Germany,MF,31,1990,2.1,0,0,0,3,2,1,1,1,1,,,0
INT-World Cup,2022,Ghana,Abdul Fatawu Issahaku,Ghana,"FW,MF",18,2004,0.0,0,0,0,0,0,0,0,0,0,,,0
INT-World Cup,2022,Ghana,Abdul Rahman Baba,Ghana,"MF,DF",27,1994,2.0,0,0,0,7,1,0,11,1,3,,,0
INT-World Cup,2022,Ghana,Alexander Djiku,Ghana,DF,27,1994,1.1,0,0,0,0,2,0,0,1,1,,,0
INT-World Cup,2022,Ghana,Alidu Seidu,Ghana,"MF,DF",22,2000,1.7,2,0,0,5,5,0,6,0,4,,,0
INT-World Cup,2022,Ghana,André Ayew,Ghana,"MF,FW",32,1989,2.2,1,0,0,2,6,1,0,0,1,,,0
INT-World Cup,2022,Ghana,Antoine Semenyo,Ghana,"FW,MF",22,2000,0.2,0,0,0,0,0,1,0,0,0,,,0
INT-World Cup,2022,Ghana,Daniel Amartey,Ghana,DF,27,1994,2.8,2,0,0,3,1,0,0,3,3,,,0
INT-World Cup,2022,Ghana,Daniel Kyereh,Ghana,"FW,MF",26,1996,0.4,0,0,0,0,0,0,5,0,2,,,0
INT-World Cup,2022,Ghana,Denis Odoi,Ghana,"DF,MF",34,1988,0.1,0,0,0,0,0,0,0,0,0,,,0
INT-World Cup,2022,Ghana,Gideon Mensah,Ghana,DF,23,1998,1.0,0,0,0,0,0,0,1,2,1,,,0
INT-World Cup,2022,Ghana,Iñaki Williams,Ghana,"FW,MF",27,1994,3.0,0,0,0,4,3,1,1,0,2,,,0
INT-World Cup,2022,Ghana,Jordan Ayew,Ghana,MF,30,1991,1.5,0,0,0,2,5,0,8,1,3,,,0
INT-World Cup,2022,Ghana,Kamaldeen Sulemana,Ghana,"FW,MF",20,2002,0.6,1,0,0,2,2,0,4,0,0,,,0
INT-World Cup,2022,Ghana,Lawrence Ati-Zigi,Ghana,GK,25,1996,3.0,0,0,0,0,0,0,0,0,0,,,0
INT-World Cup,2022,Ghana,Mohammed Kudus,Ghana,"MF,FW",21,2000,2.7,1,0,0,3,5,1,6,1,4,,,0
INT-World Cup,2022,Ghana,Mohammed Salisu,Ghana,DF,23,1999,3.0,0,0,0,6,1,0,0,3,1,,,0
INT-World Cup,2022,Ghana,Osman Bukari,Ghana,"FW,MF",23,1998,0.7,0,0,0,1,1,0,1,0,0,,,0
INT-World Cup,2022,Ghana,Salis Abdul Samed,Ghana,MF,22,2000,2.8,0,0,0,5,2,0,2,4,2,,,0
INT-World Cup,2022,Ghana,Tariq Lamptey,Ghana,DF,21,2000,1.1,1,0,0,3,2,0,3,1,2,,,0
INT-World Cup,2022,Ghana,Thomas Partey,Ghana,MF,29,1993,3.0,0,0,0,3,2,0,1,0,6,,,0
INT-World Cup,2022,IR Iran,Abolfazl Jalali,IR Iran,DF,23,1998,0.2,1,0,0,1,4,0,2,0,0,,,0
INT-World Cup,2022,IR Iran,Ahmad Nourollahi,IR Iran,MF,29,1993,2.5,0,0,0,2,0,0,3,6,3,,,0
INT-World Cup,2022,IR Iran,Ali Gholizadeh,IR Iran,"MF,FW",26,1996,2.2,0,0,0,3,1,2,4,3,0,,,0
INT-World Cup,2022,IR Iran,Ali Karimi,IR Iran,MF,28,1994,1.1,0,0,0,4,1,0,2,3,3,,,0
INT-World Cup,2022,IR Iran,Alireza Beiranvand,IR Iran,GK,29,1992,1.2,0,0,0,0,0,0,0,0,0,,,0
INT-World Cup,2022,IR Iran,Alireza Jahanbakhsh,IR Iran,MF,28,1993,0.7,2,0,0,2,0,0,1,1,1,,,0
INT-World Cup,2022,IR Iran,Ehsan Hajsafi,IR Iran,MF,32,1990,2.6,0,0,0,1,3,0,11,2,4,,,0
INT-World Cup,2022,IR Iran,Hossein Hosseini,IR Iran,GK,29,1992,1.8,0,0,0,0,0,0,0,0,0,,,0
INT-World Cup,2022,IR Iran,Hossein Kanaanizadegan,IR Iran,DF,28,1994,0.5,1,0,0,0,1,0,0,1,0,,,0
INT-World Cup,2022,IR Iran,Karim Ansarifard,IR Iran,FW,32,1990,0.4,0,0,0,0,0,1,0,1,0,,,0
INT-World Cup,2022,IR Iran,Majid Hosseini,IR Iran,DF,25,1996,3.0,1,0,0,4,1,1,0,6,3,,,0
INT-World Cup,2022,IR Iran,Mehdi Taremi,IR Iran,"FW,MF",29,1992,3.0,0,0,0,5,4,1,0,2,3,,,0
INT-World Cup,2022,IR Iran,Mehdi Torabi,IR Iran,MF,27,1994,0.7,0,0,0,0,0,0,1,2,0,,,0
INT-World Cup,2022,IR Iran,Milad Mohammadi,IR Iran,DF,28,1993,2.2,0,0,0,2,1,0,2,1,3,,,0
INT-World Cup,2022,IR Iran,Morteza Pouraliganji,IR Iran,DF,30,1992,3.0,1,0,0,5,1,0,2,6,2,,,0
INT-World Cup,2022,IR Iran,Ramin Rezaeian,IR Iran,DF,32,1990,2.0,1,0,0,2,3,0,11,3,5,,,0
INT-World Cup,2022,IR Iran,Rouzbeh Cheshmi,IR Iran,DF,28,1993,0.6,0,0,0,1,0,0,0,2,0,,,0
INT-World Cup,2022,IR Iran,Sadegh Moharrami,IR Iran,DF,26,1996,1.0,0,0,0,2,0,0,3,1,1,,,0
INT-World Cup,2022,IR Iran,Saeid Ezatolahi,IR Iran,MF,25,1996,2.4,0,0,0,2,5,0,4,2,1,,,0
INT-World Cup,2022,IR Iran,Saman Ghoddos,IR Iran,"FW,MF",28,1993,0.5,0,0,0,1,0,0,2,0,0,,,0
INT-World Cup,2022,IR Iran,Sardar Azmoun,IR Iran,FW,27,1995,1.4,0,0,0,1,1,1,0,0,0,,,0
INT-World Cup,2022,Japan,Ao Tanaka,Japan,MF,23,1998,1.9,0,0,0,1,1,0,2,3,1,,,0
INT-World Cup,2022,Japan,Ayase Ueda,Japan,FW,23,1998,0.5,0,0,0,1,0,0,0,0,0,,,0
INT-World Cup,2022,Japan,Daichi Kamada,Japan,"MF,FW",25,1996,3.6,0,0,0,1,1,3,5,0,3,,,0
INT-World Cup,2022,Japan,Daizen Maeda,Japan,FW,24,1997,2.0,0,0,0,2,3,2,0,3,2,,,0
INT-World Cup,2022,Japan,Hidemasa Morita,Japan,MF,27,1995,3.2,0,0,0,4,1,0,3,2,0,,,0
INT-World Cup,2022,Japan,Hiroki Ito,Japan,DF,23,1999,0.5,0,0,0,3,0,0,0,0,0,,,0
INT-World Cup,2022,Japan,Hiroki Sakai,Japan,DF,32,1990,1.3,0,0,0,3,1,0,2,1,4,,,0
INT-World Cup,2022,Japan,Junya Itō,Japan,MF,29,1993,3.6,0,0,0,0,5,1,14,4,4,,,0
INT-World Cup,2022,Japan,Kaoru Mitoma,Japan,"FW,MF",25,1997,1.8,0,0,0,3,1,0,0,2,2,,,0
INT-World Cup,2022,Japan,Ko Itakura,Japan,DF,25,1997,3.0,2,0,0,5,0,0,0,3,5,,,0
INT-World Cup,2022,Japan,Maya Yoshida,Japan,DF,33,1988,4.3,1,0,0,3,4,0,0,3,4,,,0
INT-World Cup,2022,Japan,Miki Yamane,Japan,DF,28,1993,0.7,1,0,0,2,1,0,3,2,0,,,0
INT-World Cup,2022,Japan,Ritsu Doan,Japan,"MF,FW",23,1998,2.4,0,0,0,3,4,0,9,2,5,,,0
INT-World Cup,2022,Japan,Shogo Taniguchi,Japan,DF,30,1991,2.3,1,0,0,3,0,0,0,1,0,,,0
INT-World Cup,2022,Japan,Shūichi Gonda,Japan,GK,33,1989,4.3,0,0,0,1,0,0,0,0,0,,,0
INT-World Cup,2022,Japan,Takefusa Kubo,Japan,"MF,FW",21,2001,1.0,0,0,0,2,2,1,0,0,1,,,0
INT-World Cup,2022,Japan,Takehiro Tomiyasu,Japan,DF,23,1998,2.1,0,0,0,1,0,0,0,0,0,,,0
INT-World Cup,2022,Japan,Takuma Asano,Japan,"FW,MF",27,1994,1.8,0,0,0,4,0,2,1,1,0,,,0
INT-World Cup,2022,Japan,Takumi Minamino,Japan,"FW,MF",27,1995,0.7,0,0,0,1,0,0,3,0,1,,,0
INT-World Cup,2022,Japan,Wataru Endo,Japan,MF,29,1993,3.4,1,0,0,7,9,0,2,3,5,,,0
INT-World Cup,2022,Japan,Yuki Soma,Japan,MF,25,1997,0.9,0,0,0,2,3,0,6,0,0,,,0
INT-World Cup,2022,Japan,Yūto Nagatomo,Japan,"MF,DF",35,1986,2.3,0,0,0,6,0,0,6,0,2,,,0
INT-World Cup,2022,Korea Republic,Cho Gue-sung,Korea Republic,FW,24,1998,3.1,1,0,0,7,6,4,1,0,0,,,0
INT-World Cup,2022,Korea Republic,Cho Yu-min,Korea Republic,DF,25,1996,0.0,0,0,0,0,0,0,0,0,0,,,0
INT-World Cup,2022,Korea Republic,Hong Chul,Korea Republic,"DF,MF",31,1990,0.5,0,0,0,0,0,0,2,1,0,,,0
INT-World Cup,2022,Korea Republic,Hwang Hee-chan,Korea Republic,MF,26,1996,1.3,1,0,0,3,3,0,3,0,1,,,0
INT-World Cup,2022,Korea Republic,Hwang In-beom,Korea Republic,MF,25,1996,3.7,0,0,0,7,3,0,6,3,3,,,0
INT-World Cup,2022,Korea Republic,Hwang Ui-jo,Korea Republic,FW,29,1992,1.2,0,0,0,0,0,0,0,0,0,,,0
INT-World Cup,2022,Korea Republic,Jeong Woo-yeong,Korea Republic,MF,22,1999,0.5,0,0,0,1,0,0,1,0,0,,,0
INT-World Cup,2022,Korea Republic,Jung Woo-young,Korea Republic,MF,32,1989,3.4,2,0,0,11,0,0,1,2,4,,,0
INT-World Cup,2022,Korea Republic,Kim Jin-su,Korea Republic,DF,30,1992,3.5,0,0,0,1,6,1,16,4,5,,,0
INT-World Cup,2022,Korea Republic,Kim Min-jae,Korea Republic,DF,25,1996,3.0,0,0,0,0,0,0,1,2,1,,,0
INT-World Cup,2022,Korea Republic,Kim Moon-hwan,Korea Republic,DF,26,1995,4.0,0,0,0,1,0,0,15,4,5,,,0
INT-World Cup,2022,Korea Republic,Kim Seung-gyu,Korea Republic,GK,31,1990,4.0,0,0,0,0,0,0,0,2,0,,,0
INT-World Cup,2022,Korea Republic,Kim Young-gwon,Korea Republic,DF,32,1990,3.9,1,0,0,1,2,0,1,3,2,,,0
INT-World Cup,2022,Korea Republic,Kwon Chang-hoon,Korea Republic,MF,27,1994,0.6,0,0,0,0,0,0,3,0,0,,,0
INT-World Cup,2022,Korea Republic,Kwon Kyung-won,Korea Republic,DF,30,1992,1.0,0,0,0,0,3,0,0,2,0,,,0
INT-World Cup,2022,Korea Republic,Lee Jae-sung,Korea Republic,"MF,FW",29,1992,2.3,0,0,0,2,1,0,1,3,2,,,0
INT-World Cup,2022,Korea Republic,Lee Kang-in,Korea Republic,MF,21,2001,1.6,1,0,0,2,4,0,12,0,3,,,0
INT-World Cup,2022,Korea Republic,Na Sang-ho,Korea Republic,MF,25,1996,1.3,0,0,0,2,0,0,8,0,1,,,0
INT-World Cup,2022,Korea Republic,Paik Seung-ho,Korea Republic,MF,25,1997,0.3,0,0,0,1,0,0,0,0,1,,,0
INT-World Cup,2022,Korea Republic,Son Heung-min,Korea Republic,"MF,FW",29,1992,4.0,0,0,0,1,6,2,21,2,2,,,0
INT-World Cup,2022,Korea Republic,Son Jun-ho,Korea Republic,MF,30,1992,0.8,0,0,0,5,0,0,0,3,3,,,0
INT-World Cup,2022,Mexico,Alexis Vega,Mexico,"FW,MF",24,1997,2.1,0,0,0,2,6,4,6,1,0,,,0
INT-World Cup,2022,Mexico,Andrés Guardado,Mexico,MF,35,1986,0.5,0,0,0,1,0,0,0,0,2,,,0
INT-World Cup,2022,Mexico,Charly Rodríguez,Mexico,MF,25,1997,0.4,0,0,0,1,1,0,2,0,0,,,0
INT-World Cup,2022,Mexico,César Montes,Mexico,DF,25,1997,3.0,0,0,0,4,0,0,0,2,4,,,0
INT-World Cup,2022,Mexico,Edson Álvarez,Mexico,MF,24,1997,1.9,1,0,0,4,1,1,0,4,1,,,0
INT-World Cup,2022,Mexico,Erick Gutiérrez,Mexico,MF,26,1995,0.5,1,0,0,2,3,0,0,2,1,,,0
INT-World Cup,2022,Mexico,Guillermo Ochoa,Mexico,GK,36,1985,3.0,0,0,0,0,1,0,0,0,0,,,0
INT-World Cup,2022,Mexico,Henry Martín,Mexico,FW,29,1992,1.6,0,0,0,3,3,2,0,3,1,,,0
INT-World Cup,2022,Mexico,Hirving Lozano,Mexico,"FW,MF",26,1995,2.8,0,0,0,7,11,2,24,0,3,,,0
INT-World Cup,2022,Mexico,Héctor Herrera,Mexico,MF,32,1990,1.8,1,0,0,4,1,0,4,3,3,,,0
INT-World Cup,2022,Mexico,Héctor Moreno,Mexico,DF,34,1988,3.0,1,0,0,3,3,0,0,1,2,,,0
INT-World Cup,2022,Mexico,Jesús Gallardo,Mexico,DF,27,1994,3.0,0,0,0,4,1,0,9,1,5,,,0
INT-World Cup,2022,Mexico,Jorge Sánchez,Mexico,DF,24,1997,1.9,1,0,0,5,1,2,2,3,0,,,0
INT-World Cup,2022,Mexico,Kevin Álvarez,Mexico,DF,23,1999,0.8,0,0,0,0,1,0,1,1,0,,,0
INT-World Cup,2022,Mexico,Luis Chávez,Mexico,MF,26,1996,3.0,0,0,0,3,8,0,19,0,0,,,0
INT-World Cup,2022,Mexico,Néstor Araujo,Mexico,DF,30,1991,1.0,1,0,0,2,0,0,2,3,1,,,0
INT-World Cup,2022,Mexico,Orbelín Pineda,Mexico,MF,26,1996,0.8,0,0,0,2,4,0,0,0,3,,,0
INT-World Cup,2022,Mexico,Raúl Jiménez,Mexico,FW,31,1991,0.7,0,0,0,1,1,0,2,1,0,,,0
INT-World Cup,2022,Mexico,Roberto Alvarado,Mexico,"FW,MF",23,1998,0.2,1,0,0,1,0,0,2,0,0,,,0
INT-World Cup,2022,Mexico,Rogelio Funes Mori,Mexico,FW,31,1991,0.1,0,0,0,2,1,0,0,0,0,,,0
INT-World Cup,2022,Mexico,Uriel Antuna,Mexico,"FW,MF",24,1997,0.9,0,0,0,0,1,2,7,0,3,,,0
INT-World Cup,2022,Morocco,Abde Ezzalzouli,Morocco,"FW,MF",20,2001,1.0,0,0,0,4,0,0,1,0,2,,,0
INT-World Cup,2022,Morocco,Abdelhamid Sabiri,Morocco,MF,25,1996,2.0,1,0,0,2,3,0,0,5,1,,,0
INT-World Cup,2022,Morocco,Abderrazak Hamdallah,Morocco,FW,31,1990,0.8,0,0,0,3,2,0,0,0,1,,,0
INT-World Cup,2022,Morocco,Achraf Dari,Morocco,DF,23,1999,2.1,1,0,0,2,1,0,0,6,0,,,0
INT-World Cup,2022,Morocco,Achraf Hakimi,Morocco,DF,23,1998,7.0,0,0,0,6,13,0,12,9,18,,,0
INT-World Cup,2022,Morocco,Anass Zaroury,Morocco,"FW,MF",21,2000,0.3,0,0,0,0,0,1,3,0,0,,,0
INT-World Cup,2022,Morocco,Azzedine Ounahi,Morocco,MF,22,2000,6.3,1,0,0,3,13,1,3,7,7,,,0
INT-World Cup,2022,Morocco,Badr Banoun,Morocco,DF,28,1993,0.6,0,0,0,2,0,0,0,1,0,,,0
INT-World Cup,2022,Morocco,Bilal El Khannouss,Morocco,MF,18,2004,0.6,0,0,0,0,1,0,0,0,0,,,0
INT-World Cup,2022,Morocco,Hakim Ziyech,Morocco,"FW,MF",29,1993,7.1,0,0,0,12,7,2,29,10,7,,,0
INT-World Cup,2022,Morocco,Ilias Chair,Morocco,"FW,MF",24,1997,0.5,0,0,0,0,0,0,2,0,1,,,0
INT-World Cup,2022,Morocco,Jawad El Yamiq,Morocco,DF,30,1992,3.4,0,0,0,1,4,0,0,5,2,,,0
INT-World Cup,2022,Morocco,Munir,Morocco,GK,33,1989,1.0,0,0,0,0,0,0,0,0,0,,,0
INT-World Cup,2022,Morocco,Nayef Aguerd,Morocco,DF,26,1996,3.9,0,0,0,2,0,1,0,3,2,,,1
INT-World Cup,2022,Morocco,Noussair Mazraoui,Morocco,DF,24,1997,4.1,0,0,0,3,1,1,2,1,9,,,0
INT-World Cup,2022,Morocco,Romain Saïss,Morocco,DF,32,1990,5.2,1,0,0,4,0,2,1,3,1,,,0
INT-World Cup,2022,Morocco,Selim Amallah,Morocco,MF,25,1996,4.5,1,0,0,11,8,0,3,8,9,,,0
INT-World Cup,2022,Morocco,Sofiane Boufal,Morocco,"FW,MF",28,1993,5.3,1,0,0,11,13,2,7,2,5,,,0
INT-World Cup,2022,Morocco,Sofyan Amrabat,Morocco,MF,25,1996,7.3,1,0,0,14,6,1,2,6,12,,,0
INT-World Cup,2022,Morocco,Walid Cheddira,Morocco,FW,24,1998,0.7,2,1,1,5,0,2,0,0,0,,,0
INT-World Cup,2022,Morocco,Yahya Attiat Allah,Morocco,DF,27,1995,3.5,0,0,0,8,3,0,7,0,2,,,0
INT-World Cup,2022,Morocco,Yahya Jabrane,Morocco,MF,30,1991,0.2,0,0,0,0,0,0,0,0,0,,,0
INT-World Cup,2022,Morocco,Yassine Bounou,Morocco,GK,31,1991,6.3,0,0,0,0,1,0,0,0,0,,,0
INT-World Cup,2022,Morocco,Youssef En-Nesyri,Morocco,FW,25,1997,6.0,0,0,0,2,4,4,0,1,3,,,0
INT-World Cup,2022,Morocco,Zakaria Aboukhlal,Morocco,"FW,MF",22,2000,0.9,0,0,0,1,0,2,1,1,1,,,0
INT-World Cup,2022,Netherlands,Andries Noppert,Netherlands,GK,28,1994,5.3,0,0,0,0,0,0,0,0,0,,,0
INT-World Cup,2022,Netherlands,Cody Gakpo,Netherlands,"FW,MF",23,1999,5.0,0,0,0,8,5,3,33,3,3,,,0
INT-World Cup,2022,Netherlands,Daley Blind,Netherlands,MF,32,1990,4.7,0,0,0,3,1,0,6,5,10,,,0
INT-World Cup,2022,Netherlands,Davy Klaassen,Netherlands,MF,29,1993,2.1,0,0,0,1,3,0,2,1,2,,,0
INT-World Cup,2022,Netherlands,Denzel Dumfries,Netherlands,MF,26,1996,5.3,2,1,1,17,7,2,8,7,5,,,0
INT-World Cup,2022,Netherlands,Frenkie de Jong,Netherlands,MF,25,1997,5.3,1,0,0,4,6,0,3,6,6,,,0
INT-World Cup,2022,Netherlands,Jurriën Timber,Netherlands,DF,20,2001,4.3,1,0,0,17,4,0,1,9,8,,,0
INT-World Cup,2022,Netherlands,Kenneth Taylor,Netherlands,MF,20,2002,0.1,0,0,0,0,0,0,0,0,0,,,0
INT-World Cup,2022,Netherlands,Luuk de Jong,Netherlands,FW,31,1990,0.6,0,0,0,1,1,1,0,0,1,,,0
INT-World Cup,2022,Netherlands,Marten de Roon,Netherlands,MF,31,1991,2.0,0,0,0,3,0,0,0,2,5,,,0
INT-World Cup,2022,Netherlands,Matthijs de Ligt,Netherlands,DF,22,1999,1.0,1,0,0,4,1,0,0,0,0,,,0
INT-World Cup,2022,Netherlands,Memphis,Netherlands,FW,28,1994,3.3,1,0,0,1,5,1,2,1,1,,,0
INT-World Cup,2022,Netherlands,Nathan Aké,Netherlands,DF,27,1995,5.3,1,0,0,4,6,0,0,8,3,,,0
INT-World Cup,2022,Netherlands,Noa Lang,Netherlands,"FW,MF",22,1999,0.1,1,0,0,0,0,0,1,1,0,,,0
INT-World Cup,2022,Netherlands,Steven Berghuis,Netherlands,MF,30,1991,2.2,1,0,0,4,0,0,13,0,1,,,0
INT-World Cup,2022,Netherlands,Steven Bergwijn,Netherlands,FW,24,1997,2.4,1,0,0,2,4,0,0,0,1,,,0
INT-World Cup,2022,Netherlands,Teun Koopmeiners,Netherlands,MF,24,1998,2.4,1,0,0,6,1,0,2,3,5,,,0
INT-World Cup,2022,Netherlands,Vincent Janssen,Netherlands,FW,27,1994,1.0,0,0,0,2,2,0,0,0,0,,,0
INT-World Cup,2022,Netherlands,Virgil van Dijk,Netherlands,DF,30,1991,5.3,0,0,0,5,2,0,0,4,1,,,0
INT-World Cup,2022,Netherlands,Wout Weghorst,Netherlands,FW,29,1992,0.7,1,0,0,5,1,1,0,0,0,,,0
INT-World Cup,2022,Netherlands,Xavi Simons,Netherlands,"FW,MF",19,2003,0.1,0,0,0,0,1,0,0,0,0,,,0
INT-World Cup,2022,Poland,Arkadiusz Milik,Poland,FW,28,1994,1.1,1,0,0,1,2,1,0,0,0,,,0
INT-World Cup,2022,Poland,Artur Jędrzejczyk,Poland,DF,34,1987,0.2,0,0,0,0,0,0,0,0,0,,,0
INT-World Cup,2022,Poland,Bartosz Bereszyński,Poland,DF,29,1992,3.8,1,0,0,5,3,0,4,3,2,,,0
INT-World Cup,2022,Poland,Damian Szymański,Poland,MF,26,1995,0.3,0,0,0,0,0,0,0,1,0,,,0
INT-World Cup,2022,Poland,Grzegorz Krychowiak,Poland,MF,32,1990,3.7,1,0,0,6,7,0,1,5,4,,,0
INT-World Cup,2022,Poland,Jakub Kamiński,Poland,MF,20,2002,2.6,0,0,0,5,2,0,4,0,1,,,0
INT-World Cup,2022,Poland,Jakub Kiwior,Poland,DF,22,2000,3.9,1,0,0,1,0,0,0,3,1,,,0
INT-World Cup,2022,Poland,Jan Bednarek,Poland,DF,26,1996,0.1,0,0,0,0,0,0,0,0,0,,,0
INT-World Cup,2022,Poland,Kamil Glik,Poland,DF,34,1988,4.0,0,0,0,2,0,0,0,3,1,,,0
INT-World Cup,2022,Poland,Kamil Grosicki,Poland,"FW,MF",34,1988,0.0,0,0,0,0,0,0,3,0,0,,,0
INT-World Cup,2022,Poland,Karol Świderski,Poland,MF,25,1997,0.5,0,0,0,0,1,0,0,2,1,,,0
INT-World Cup,2022,Poland,Krystian Bielik,Poland,MF,24,1998,2.4,0,0,0,5,4,0,0,4,2,,,0
INT-World Cup,2022,Poland,Krzysztof Piątek,Poland,FW,26,1995,0.3,0,0,0,0,1,0,0,0,0,,,0
INT-World Cup,2022,Poland,Matty Cash,Poland,DF,24,1997,4.0,2,0,0,7,3,0,8,0,3,,,0
INT-World Cup,2022,Poland,Michał Skóraś,Poland,MF,22,2000,0.5,0,0,0,1,2,0,0,1,0,,,0
INT-World Cup,2022,Poland,Nicola Zalewski,Poland,MF,20,2002,0.7,0,0,0,1,2,0,1,0,0,,,0
INT-World Cup,2022,Poland,Piotr Zieliński,Poland,MF,28,1994,3.6,0,0,0,4,2,0,16,1,5,,,0
INT-World Cup,2022,Poland,Przemysław Frankowski,Poland,MF,27,1995,2.7,1,0,0,1,5,0,8,3,4,,,0
INT-World Cup,2022,Poland,Robert Lewandowski,Poland,FW,33,1988,4.0,0,0,0,6,9,0,3,2,3,,,0
INT-World Cup,2022,Poland,Sebastian Szymański,Poland,MF,23,1999,1.5,0,0,0,1,3,0,3,2,3,,,0
INT-World Cup,2022,Poland,Wojciech Szczęsny,Poland,GK,32,1990,4.0,0,0,0,1,1,0,0,0,0,,,0
INT-World Cup,2022,Portugal,André Silva,Portugal,FW,26,1995,0.3,0,0,0,0,0,0,0,0,0,,,0
INT-World Cup,2022,Portugal,António Silva,Portugal,DF,18,2003,1.0,0,0,0,2,0,0,0,1,1,,,0
INT-World Cup,2022,Portugal,Bernardo Silva,Portugal,MF,27,1994,4.0,0,0,0,1,2,0,5,2,2,,,0
INT-World Cup,2022,Portugal,Bruno Fernandes,Portugal,FW,27,1994,4.0,1,0,0,2,8,1,26,2,2,,,0
INT-World Cup,2022,Portugal,Cristiano Ronaldo,Portugal,FW,37,1985,3.2,0,0,0,2,5,7,2,0,0,,,0
INT-World Cup,2022,Portugal,Danilo Pereira,Portugal,DF,30,1991,1.0,1,0,0,1,2,0,0,3,1,,,0
INT-World Cup,2022,Portugal,Diogo Costa,Portugal,GK,22,1999,5.0,0,0,0,0,0,0,0,0,0,,,0
INT-World Cup,2022,Portugal,Diogo Dalot,Portugal,DF,23,1999,2.9,0,0,0,1,1,0,9,2,6,,,0
INT-World Cup,2022,Portugal,Gonçalo Ramos,Portugal,FW,20,2001,1.7,0,0,0,2,3,3,0,0,1,,,0
INT-World Cup,2022,Portugal,João Cancelo,Portugal,DF,28,1994,3.4,0,0,0,2,4,1,15,2,3,,,0
INT-World Cup,2022,Portugal,João Félix,Portugal,FW,22,1999,3.7,1,0,0,8,9,1,4,2,2,,,0
INT-World Cup,2022,Portugal,João Mário,Portugal,MF,29,1993,0.9,0,0,0,0,0,0,2,0,1,,,0
INT-World Cup,2022,Portugal,João Palhinha,Portugal,MF,26,1995,0.4,0,0,0,2,0,0,0,1,1,,,0
INT-World Cup,2022,Portugal,Matheus Nunes,Portugal,MF,23,1998,0.8,0,0,0,2,2,0,3,0,0,,,0
INT-World Cup,2022,Portugal,Nuno Mendes,Portugal,DF,19,2002,0.5,0,0,0,0,2,0,2,2,0,,,0
INT-World Cup,2022,Portugal,Otávio,Portugal,MF,27,1995,2.2,0,0,0,6,10,0,5,1,7,,,0
INT-World Cup,2022,Portugal,Pepe,Portugal,DF,39,1983,4.0,0,0,0,3,5,1,1,6,0,,,0
INT-World Cup,2022,Portugal,Rafael Leão,Portugal,"FW,MF",23,1999,1.0,0,0,0,3,1,0,6,1,0,,,0
INT-World Cup,2022,Portugal,Raphaël Guerreiro,Portugal,DF,28,1993,3.1,0,0,0,2,1,0,14,3,2,,,0
INT-World Cup,2022,Portugal,Ricardo Horta,Portugal,FW,27,1994,1.3,0,0,0,3,1,0,5,1,1,,,0
INT-World Cup,2022,Portugal,Rúben Dias,Portugal,DF,25,1997,4.0,1,0,0,4,2,0,0,3,3,,,0
INT-World Cup,2022,Portugal,Rúben Neves,Portugal,MF,25,1997,3.0,1,0,0,5,2,0,2,2,1,,,0
INT-World Cup,2022,Portugal,Vitinha,Portugal,FW,22,2000,1.3,1,0,0,1,3,0,2,0,2,,,0
INT-World Cup,2022,Portugal,William Carvalho,Portugal,MF,30,1992,2.4,0,0,0,3,2,0,0,0,6,,,0
INT-World Cup,2022,Qatar,Abdelkarim Hassan,Qatar,DF,28,1993,3.0,0,0,0,1,4,1,6,1,3,,,0
INT-World Cup,2022,Qatar,Abdulaziz Hatem,Qatar,MF,32,1990,2.2,0,0,0,4,1,0,1,1,1,,,0
INT-World Cup,2022,Qatar,Ahmed Alaaeldin,Qatar,FW,29,1993,0.1,0,0,0,0,0,0,0,0,0,,,0
INT-World Cup,2022,Qatar,Akram Afif,Qatar,FW,25,1996,3.0,1,0,0,2,6,1,13,0,0,,,0
INT-World Cup,2022,Qatar,Ali Assadalla,Qatar,"FW,MF",29,1993,0.3,0,0,0,0,0,0,0,0,0,,,0
INT-World Cup,2022,Qatar,Almoez Ali,Qatar,FW,25,1996,2.5,1,0,0,2,2,3,0,1,0,,,0
INT-World Cup,2022,Qatar,Assim Madibo,Qatar,MF,25,1996,1.7,1,0,0,1,1,0,0,2,4,,,0
INT-World Cup,2022,Qatar,Bassam Al-Rawi,Qatar,DF,24,1997,1.0,0,0,0,1,2,0,0,0,0,,,0
INT-World Cup,2022,Qatar,Boualem Khoukhi,Qatar,DF,31,1990,3.0,0,0,0,1,5,0,0,3,2,,,0
INT-World Cup,2022,Qatar,Hassan Al-Haydos,Qatar,MF,31,1990,2.3,0,0,0,4,0,1,4,2,1,,,0
INT-World Cup,2022,Qatar,Homam Ahmed,Qatar,"DF,MF",22,1999,2.9,1,0,0,5,8,0,5,2,2,,,0
INT-World Cup,2022,Qatar,Ismaeel Mohammad,Qatar,DF,32,1990,1.9,1,0,0,1,6,1,8,2,2,,,0
INT-World Cup,2022,Qatar,Karim Boudiaf,Qatar,MF,31,1990,2.1,1,0,0,2,1,0,0,0,1,,,0
INT-World Cup,2022,Qatar,Meshaal Barsham,Qatar,GK,24,1998,2.0,0,0,0,0,0,0,0,0,0,,,0
INT-World Cup,2022,Qatar,Mohammed Muntari,Qatar,FW,28,1993,0.7,0,0,0,1,2,0,0,0,2,,,0
INT-World Cup,2022,Qatar,Mohammed Waad,Qatar,MF,22,1999,0.3,0,0,0,1,0,0,1,1,0,,,0
INT-World Cup,2022,Qatar,Musab Kheder,Qatar,DF,28,1993,0.1,0,0,0,0,1,0,0,0,1,,,0
INT-World Cup,2022,Qatar,Ró-Ró,Qatar,"DF,MF",31,1990,2.9,0,0,0,4,5,0,3,8,4,,,0
INT-World Cup,2022,Qatar,Saad Al Sheeb,Qatar,GK,32,1990,1.0,1,0,0,1,1,0,0,0,0,,,0
INT-World Cup,2022,Qatar,Tarek Salman,Qatar,"DF,MF",24,1997,0.1,0,0,0,0,0,0,1,1,1,,,0
INT-World Cup,2022,Saudi Arabia,Abdulelah Al-Amri,Saudi Arabia,DF,25,1997,2.0,2,0,0,3,3,0,1,4,0,,,0
INT-World Cup,2022,Saudi Arabia,Abdulellah Al-Malki,Saudi Arabia,MF,27,1994,1.9,2,0,0,8,4,0,1,3,1,,,0
INT-World Cup,2022,Saudi Arabia,Abdullah Madu,Saudi Arabia,DF,28,1993,0.5,1,0,0,1,0,0,0,1,0,,,0
INT-World Cup,2022,Saudi Arabia,Abdulrahman Al-Aboud,Saudi Arabia,MF,27,1995,0.4,0,0,0,0,0,0,3,0,3,,,0
INT-World Cup,2022,Saudi Arabia,Ali Al Hassan,Saudi Arabia,MF,25,1997,0.5,1,0,0,2,0,0,1,0,1,,,0
INT-World Cup,2022,Saudi Arabia,Ali Al-Bulaihi,Saudi Arabia,DF,32,1989,2.4,1,0,0,1,1,0,0,3,2,,,0
INT-World Cup,2022,Saudi Arabia,Asiri Haitham,Saudi Arabia,FW,21,2001,0.0,0,0,0,1,0,0,0,0,0,,,0
INT-World Cup,2022,Saudi Arabia,Firas Al-Buraikan,Saudi Arabia,FW,22,2000,3.0,0,0,0,2,3,1,2,2,3,,,0
INT-World Cup,2022,Saudi Arabia,Hassan Al Tambakti,Saudi Arabia,DF,23,1999,2.0,1,0,0,2,5,0,0,2,2,,,0
INT-World Cup,2022,Saudi Arabia,Hattan Bahebri,Saudi Arabia,"FW,MF",29,1992,0.0,1,0,0,2,0,0,0,0,0,,,0
INT-World Cup,2022,Saudi Arabia,Mohamed Kanno,Saudi Arabia,MF,27,1994,3.0,0,0,0,8,3,1,0,2,3,,,0
INT-World Cup,2022,Saudi Arabia,Mohammed Al-Breik,Saudi Arabia,DF,29,1992,0.7,0,0,0,0,1,0,3,0,0,,,0
INT-World Cup,2022,Saudi Arabia,Mohammed Al-Owais,Saudi Arabia,GK,30,1991,3.0,1,0,0,0,3,0,0,0,0,,,0
INT-World Cup,2022,Saudi Arabia,Nasser Al-Dawsari,Saudi Arabia,"DF,MF",23,1998,0.1,0,0,0,1,0,0,1,0,1,,,0
INT-World Cup,2022,Saudi Arabia,Nawaf Al Abed,Saudi Arabia,"FW,MF",32,1990,1.0,1,0,0,2,2,0,2,1,0,,,0
INT-World Cup,2022,Saudi Arabia,Riyadh Sharahili,Saudi Arabia,MF,29,1993,0.6,0,0,0,4,0,0,0,1,0,,,0
INT-World Cup,2022,Saudi Arabia,Saleh Al-Shehri,Saudi Arabia,FW,28,1993,2.5,1,0,0,6,5,0,1,0,1,,,0
INT-World Cup,2022,Saudi Arabia,Salem Al-Dawsari,Saudi Arabia,FW,30,1991,3.0,1,0,0,3,3,0,4,1,4,,,0
INT-World Cup,2022,Saudi Arabia,Salman Al-Faraj,Saudi Arabia,MF,32,1989,0.5,0,0,0,0,0,0,1,0,0,,,0
INT-World Cup,2022,Saudi Arabia,Sami Al-Najei,Saudi Arabia,MF,25,1997,0.5,0,0,0,0,0,0,5,0,0,,,0
INT-World Cup,2022,Saudi Arabia,Saud Abdulhamid,Saudi Arabia,"DF,MF",22,1999,3.0,1,0,0,7,5,0,9,1,3,,,0
INT-World Cup,2022,Saudi Arabia,Sultan Al-Ghanam,Saudi Arabia,DF,28,1994,1.4,0,0,0,2,0,1,7,2,0,,,0
INT-World Cup,2022,Saudi Arabia,Yasser Al-Shahrani,Saudi Arabia,DF,30,1992,1.0,0,0,0,1,0,0,1,6,1,,,0
INT-World Cup,2022,Senegal,Abdou Diallo,Senegal,DF,26,1996,3.7,0,0,0,3,0,0,3,1,2,,,0
INT-World Cup,2022,Senegal,Bamba Dieng,Senegal,FW,22,2000,1.1,0,0,0,5,3,0,1,0,1,,,0
INT-World Cup,2022,Senegal,Boulaye Dia,Senegal,"FW,MF",25,1996,3.5,1,0,0,3,3,2,1,1,0,,,0
INT-World Cup,2022,Senegal,Cheikhou Kouyaté,Senegal,MF,32,1989,0.8,0,0,0,1,1,0,2,2,1,,,0
INT-World Cup,2022,Senegal,Famara Diedhiou,Senegal,FW,29,1992,1.0,0,0,0,2,2,1,0,0,0,,,0
INT-World Cup,2022,Senegal,Fodé Ballo-Touré,Senegal,"DF,MF",25,1997,0.1,0,0,0,0,0,0,2,0,0,,,0
INT-World Cup,2022,Senegal,Idrissa Gueye,Senegal,MF,32,1989,3.0,2,0,0,4,1,0,15,4,1,,,0
INT-World Cup,2022,Senegal,Iliman Ndiaye,Senegal,"MF,FW",22,2000,1.5,0,0,0,0,1,0,2,1,0,,,0
INT-World Cup,2022,Senegal,Ismail Jakobs,Senegal,DF,22,1999,3.1,1,0,0,3,6,0,18,4,0,,,0
INT-World Cup,2022,Senegal,Ismaila Sarr,Senegal,"MF,FW",24,1998,3.8,0,0,0,3,17,3,8,2,2,,,0
INT-World Cup,2022,Senegal,Kalidou Koulibaly,Senegal,DF,30,1991,4.0,1,0,0,3,3,0,0,2,9,,,0
INT-World Cup,2022,Senegal,Krépin Diatta,Senegal,"MF,FW",23,1999,2.0,0,0,0,4,2,2,4,0,0,,,0
INT-World Cup,2022,Senegal,Nampalys Mendy,Senegal,MF,29,1992,3.0,1,0,0,5,2,0,2,3,4,,,0
INT-World Cup,2022,Senegal,Nicolas Jackson,Senegal,FW,20,2001,0.2,0,0,0,1,0,0,0,0,0,,,0
INT-World Cup,2022,Senegal,Pape Abou Cissé,Senegal,DF,26,1995,1.2,0,0,0,1,0,0,0,2,0,,,0
INT-World Cup,2022,Senegal,Pape Gueye,Senegal,MF,23,1999,1.7,0,0,0,3,3,0,1,2,2,,,0
INT-World Cup,2022,Senegal,Pape Matar Sarr,Senegal,MF,19,2002,0.7,0,0,0,0,1,0,5,0,2,,,0
INT-World Cup,2022,Senegal,Pathé Ciss,Senegal,MF,28,1994,1.6,1,0,0,4,0,0,0,2,3,,,0
INT-World Cup,2022,Senegal,Youssouf Sabaly,Senegal,DF,29,1993,4.0,0,0,0,3,12,0,7,4,6,,,0
INT-World Cup,2022,Senegal,Édouard Mendy,Senegal,GK,30,1992,4.0,0,0,0,0,0,0,0,0,0,,,0
INT-World Cup,2022,Serbia,Aleksandar Mitrović,Serbia,FW,27,1994,2.9,1,0,0,3,1,1,1,0,0,,,0
INT-World Cup,2022,Serbia,Andrija Živković,Serbia,MF,25,1996,2.3,0,0,0,2,4,0,8,3,4,,,0
INT-World Cup,2022,Serbia,Darko Lazović,Serbia,MF,31,1990,0.3,0,0,0,0,1,0,1,0,0,,,0
INT-World Cup,2022,Serbia,Dušan Tadić,Serbia,"MF,FW",33,1988,2.9,0,0,0,7,4,1,18,1,3,,,0
INT-World Cup,2022,Serbia,Dušan Vlahović,Serbia,FW,22,2000,0.9,0,0,0,0,2,0,0,0,0,,,0
INT-World Cup,2022,Serbia,Filip Kostić,Serbia,MF,29,1992,2.0,0,0,0,3,1,2,16,0,3,,,0
INT-World Cup,2022,Serbia,Filip Mladenović,Serbia,MF,30,1991,0.7,0,0,0,0,0,0,1,0,0,,,0
INT-World Cup,2022,Serbia,Filip Đuričić,Serbia,"FW,MF",30,1992,0.2,0,0,0,0,1,0,0,0,0,,,0
INT-World Cup,2022,Serbia,Ivan Ilić,Serbia,MF,21,2001,0.4,0,0,0,0,0,0,0,1,0,,,0
INT-World Cup,2022,Serbia,Luka Jović,Serbia,FW,24,1997,0.4,1,0,0,1,0,0,0,1,0,,,0
INT-World Cup,2022,Serbia,Marko Grujić,Serbia,MF,26,1996,0.1,0,0,0,0,0,0,0,0,1,,,0
INT-World Cup,2022,Serbia,Miloš Veljković,Serbia,DF,26,1995,2.5,0,0,0,1,0,0,0,0,1,,,0
INT-World Cup,2022,Serbia,Nemanja Gudelj,Serbia,MF,30,1991,1.0,2,0,0,3,0,0,0,1,2,,,0
INT-World Cup,2022,Serbia,Nemanja Maksimović,Serbia,MF,27,1995,1.4,0,0,0,0,1,0,2,3,3,,,0
INT-World Cup,2022,Serbia,Nemanja Radonjić,Serbia,"FW,MF",26,1996,0.7,0,0,0,0,2,0,6,0,0,,,0
INT-World Cup,2022,Serbia,Nikola Milenković,Serbia,DF,24,1997,3.0,2,0,0,8,2,0,1,5,6,,,0
INT-World Cup,2022,Serbia,Saša Lukić,Serbia,MF,25,1996,2.7,2,0,0,7,1,0,1,1,1,,,0
INT-World Cup,2022,Serbia,Sergej Milinković-Savić,Serbia,"MF,FW",27,1995,2.6,1,0,0,2,4,0,1,2,1,,,0
INT-World Cup,2022,Serbia,Srđan Babić,Serbia,DF,26,1996,0.1,0,0,0,0,0,0,0,0,0,,,0
INT-World Cup,2022,Serbia,Stefan Mitrović,Serbia,DF,32,1990,0.4,0,0,0,0,0,0,0,0,0,,,0
INT-World Cup,2022,Serbia,Strahinja Pavlović,Serbia,DF,21,2001,2.6,2,0,0,6,4,0,1,1,2,,,0
INT-World Cup,2022,Serbia,Vanja Milinković-Savić,Serbia,GK,25,1997,3.0,0,0,0,0,0,0,0,1,0,,,0
INT-World Cup,2022,Spain,Alejandro Balde,Spain,DF,18,2003,1.4,0,0,0,2,1,0,2,0,6,,,0
INT-World Cup,2022,Spain,Ansu Fati,Spain,"FW,MF",19,2002,0.5,0,0,0,0,0,0,1,0,1,,,0
INT-World Cup,2022,Spain,Aymeric Laporte,Spain,DF,28,1994,3.3,1,0,0,3,2,0,0,2,0,,,0
INT-World Cup,2022,Spain,Carlos Soler,Spain,MF,25,1997,1.0,0,0,0,0,1,0,3,0,0,,,0
INT-World Cup,2022,Spain,César Azpilicueta,Spain,DF,32,1989,1.5,0,0,0,2,0,0,3,1,0,,,0
INT-World Cup,2022,Spain,Dani Carvajal,Spain,DF,30,1992,1.5,0,0,0,0,1,0,0,2,1,,,0
INT-World Cup,2022,Spain,Dani Olmo,Spain,FW,24,1998,4.1,0,0,0,5,6,2,10,1,4,,,0
INT-World Cup,2022,Spain,Ferrán Torres,Spain,FW,22,2000,2.4,0,0,0,1,5,2,9,0,0,,,0
INT-World Cup,2022,Spain,Gavi,Spain,MF,17,2004,3.2,0,0,0,8,14,0,4,1,3,,,0
INT-World Cup,2022,Spain,Jordi Alba,Spain,DF,33,1989,2.9,0,0,0,4,3,1,14,3,4,,,0
INT-World Cup,2022,Spain,Koke,Spain,MF,30,1992,0.6,0,0,0,0,0,0,0,0,1,,,0
INT-World Cup,2022,Spain,Marco Asensio,Spain,FW,26,1996,2.5,0,0,0,3,3,0,8,0,1,,,0
INT-World Cup,2022,Spain,Marcos Llorente,Spain,DF,27,1995,1.3,0,0,0,1,0,0,2,0,0,,,0
INT-World Cup,2022,Spain,Nico Williams,Spain,FW,19,2002,1.6,0,0,0,0,1,1,6,0,2,,,0
INT-World Cup,2022,Spain,Pablo Sarabia,Spain,"FW,MF",30,1992,0.0,0,0,0,0,0,0,3,0,0,,,0
INT-World Cup,2022,Spain,Pau Torres,Spain,DF,25,1997,1.0,0,0,0,1,0,0,0,0,0,,,0
INT-World Cup,2022,Spain,Pedri,Spain,MF,19,2002,4.0,0,0,0,2,3,0,2,4,2,,,0
INT-World Cup,2022,Spain,Rodri,Spain,DF,25,1996,4.3,0,0,0,5,1,0,2,3,2,,,0
INT-World Cup,2022,Spain,Sergio Busquets,Spain,MF,33,1988,4.0,1,0,0,3,3,0,0,1,4,,,0
INT-World Cup,2022,Spain,Unai Simón,Spain,GK,25,1997,4.3,0,0,0,0,0,0,0,0,0,,,0
INT-World Cup,2022,Spain,Álvaro Morata,Spain,FW,29,1992,2.1,0,0,0,1,2,5,0,0,1,,,0
INT-World Cup,2022,Switzerland,Ardon Jashari,Switzerland,MF,19,2002,0.0,0,0,0,0,0,0,0,0,0,,,0
INT-World Cup,2022,Switzerland,Breel Embolo,Switzerland,FW,25,1997,3.6,0,0,0,3,12,2,0,0,0,,,0
INT-World Cup,2022,Switzerland,Christian Fassnacht,Switzerland,"FW,MF",28,1993,0.1,0,0,0,0,0,0,0,0,0,,,0
INT-World Cup,2022,Switzerland,Denis Zakaria,Switzerland,"DF,MF",25,1996,0.7,0,0,0,1,2,0,0,3,0,,,0
INT-World Cup,2022,Switzerland,Djibril Sow,Switzerland,MF,25,1997,2.9,0,0,0,2,7,0,1,2,1,,,0
INT-World Cup,2022,Switzerland,Edimilson Fernandes,Switzerland,MF,26,1996,1.6,0,0,0,1,1,1,5,2,1,,,0
INT-World Cup,2022,Switzerland,Eray Cömert,Switzerland,DF,24,1998,0.5,1,0,0,3,1,0,0,2,0,,,0
INT-World Cup,2022,Switzerland,Fabian Frei,Switzerland,"DF,MF",33,1989,0.3,0,0,0,1,0,0,0,1,1,,,0
INT-World Cup,2022,Switzerland,Fabian Rieder,Switzerland,MF,20,2002,0.8,1,0,0,4,2,0,1,0,2,,,0
INT-World Cup,2022,Switzerland,Fabian Schär,Switzerland,DF,30,1991,1.5,2,0,0,1,2,0,0,2,1,,,0
INT-World Cup,2022,Switzerland,Granit Xhaka,Switzerland,MF,29,1992,4.0,1,0,0,5,4,0,0,2,4,,,0
INT-World Cup,2022,Switzerland,Gregor Kobel,Switzerland,GK,24,1997,1.0,0,0,0,0,0,0,0,0,0,,,0
INT-World Cup,2022,Switzerland,Haris Seferović,Switzerland,FW,30,1992,0.8,0,0,0,1,0,0,0,0,0,,,0
INT-World Cup,2022,Switzerland,Manuel Akanji,Switzerland,DF,26,1995,4.0,1,0,0,4,1,0,1,3,2,,,0
INT-World Cup,2022,Switzerland,Michel Aebischer,Switzerland,MF,25,1997,0.2,0,0,0,0,0,0,0,0,0,,,0
INT-World Cup,2022,Switzerland,Nico Elvedi,Switzerland,DF,25,1996,2.0,1,0,0,3,1,0,0,1,0,,,0
INT-World Cup,2022,Switzerland,Noah Okafor,Switzerland,"FW,MF",22,2000,0.5,0,0,0,2,1,1,0,0,0,,,0
INT-World Cup,2022,Switzerland,Remo Freuler,Switzerland,MF,30,1992,3.6,0,0,0,6,2,0,0,3,5,,,0
INT-World Cup,2022,Switzerland,Renato Steffen,Switzerland,"FW,MF",30,1991,0.4,0,0,0,0,1,1,0,0,0,,,0
INT-World Cup,2022,Switzerland,Ricardo Rodríguez,Switzerland,DF,29,1992,4.0,0,0,0,6,2,0,12,0,2,,,0
INT-World Cup,2022,Switzerland,Ruben Vargas,Switzerland,"MF,FW",23,1998,3.2,1,0,0,4,2,1,15,1,0,,,0
INT-World Cup,2022,Switzerland,Silvan Widmer,Switzerland,DF,29,1993,2.9,1,0,0,4,2,0,2,2,6,,,0
INT-World Cup,2022,Switzerland,Xherdan Shaqiri,Switzerland,"FW,MF",30,1991,2.5,0,0,0,2,6,0,15,0,0,,,0
INT-World Cup,2022,Switzerland,Yann Sommer,Switzerland,GK,33,1988,3.0,0,0,0,0,0,0,0,0,0,,,0
INT-World Cup,2022,Tunisia,Ali Abdi,Tunisia,MF,28,1993,2.1,1,0,0,5,0,1,5,4,5,,,0
INT-World Cup,2022,Tunisia,Ali Maâloul,Tunisia,MF,32,1990,1.0,0,0,0,0,0,0,13,0,1,,,0
INT-World Cup,2022,Tunisia,Anis Ben Slimane,Tunisia,FW,21,2001,1.6,0,0,0,0,0,0,8,1,1,,,0
INT-World Cup,2022,Tunisia,Aymen Dahmen,Tunisia,GK,25,1997,3.0,0,0,0,0,0,0,0,0,0,,,0
INT-World Cup,2022,Tunisia,Aïssa Laïdouni,Tunisia,MF,25,1996,2.7,1,0,0,3,6,0,3,3,3,,,0
INT-World Cup,2022,Tunisia,Dylan Bronn,Tunisia,DF,26,1995,1.8,0,0,0,1,1,0,0,0,1,,,0
INT-World Cup,2022,Tunisia,Ellyes Skhiri,Tunisia,MF,27,1995,3.0,0,0,0,3,2,0,2,7,2,,,0
INT-World Cup,2022,Tunisia,Ferjani Sassi,Tunisia,"DF,MF",30,1992,0.5,1,0,0,1,1,0,0,1,1,,,0
INT-World Cup,2022,Tunisia,Ghaylène Chaalali,Tunisia,MF,28,1994,0.2,0,0,0,1,0,0,0,2,0,,,0
INT-World Cup,2022,Tunisia,Hannibal Mejbri,Tunisia,MF,19,2003,0.1,0,0,0,0,0,0,0,1,0,,,0
INT-World Cup,2022,Tunisia,Issam Jebali,Tunisia,FW,30,1991,2.0,0,0,0,10,2,1,2,0,3,,,0
INT-World Cup,2022,Tunisia,Mohamed Ali Ben Romdhane,Tunisia,FW,22,1999,0.8,0,0,0,1,1,0,1,0,3,,,0
INT-World Cup,2022,Tunisia,Mohamed Dräger,Tunisia,MF,25,1996,1.5,0,0,0,2,1,0,3,1,3,,,0
INT-World Cup,2022,Tunisia,Montassar Talbi,Tunisia,DF,24,1998,3.0,0,0,0,4,2,0,0,1,2,,,0
INT-World Cup,2022,Tunisia,Nader Ghandri,Tunisia,DF,27,1995,1.0,0,0,0,0,1,1,0,1,1,,,0
INT-World Cup,2022,Tunisia,Naïm Sliti,Tunisia,FW,29,1992,1.3,0,0,0,0,3,2,13,0,1,,,0
INT-World Cup,2022,Tunisia,Taha Yassine Khenissi,Tunisia,FW,30,1992,0.3,1,0,0,3,1,0,0,0,0,,,0
INT-World Cup,2022,Tunisia,Wahbi Khazri,Tunisia,FW,31,1991,0.9,0,0,0,1,2,2,2,0,0,,,0
INT-World Cup,2022,Tunisia,Wajdi Kechrida,Tunisia,MF,26,1995,1.2,1,0,0,2,0,0,5,0,3,,,0
INT-World Cup,2022,Tunisia,Yassine Meriah,Tunisia,DF,28,1993,3.0,0,0,0,3,1,0,2,1,3,,,0
INT-World Cup,2022,Tunisia,Youssef Msakni,Tunisia,FW,31,1990,1.9,0,0,0,0,4,0,2,0,1,,,0
INT-World Cup,2022,United States,Antonee Robinson,United States,DF,24,1997,4.0,0,0,0,2,0,1,21,7,5,,,0
INT-World Cup,2022,United States,Brenden Aaronson,United States,"FW,MF",21,2000,1.2,0,0,0,3,3,0,3,1,2,,,0
INT-World Cup,2022,United States,Cameron Carter-Vickers,United States,DF,24,1997,1.0,0,0,0,0,1,0,0,0,0,,,0
INT-World Cup,2022,United States,Christian Pulisic,United States,"FW,MF",23,1998,3.5,0,0,0,2,11,1,31,0,0,,,0
INT-World Cup,2022,United States,DeAndre Yedlin,United States,"DF,MF",28,1993,0.4,0,0,0,2,0,0,4,0,1,,,0
INT-World Cup,2022,United States,Gio Reyna,United States,MF,19,2002,0.6,0,0,0,0,2,0,2,0,0,,,0
INT-World Cup,2022,United States,Haji Wright,United States,FW,24,1998,1.5,0,0,0,1,3,1,1,0,0,,,0
INT-World Cup,2022,United States,Jesús Ferreira,United States,FW,21,2000,0.5,0,0,0,0,1,0,0,0,0,,,0
INT-World Cup,2022,United States,Jordan Morris,United States,"FW,MF",27,1994,0.0,0,0,0,0,0,0,2,0,0,,,0
INT-World Cup,2022,United States,Josh Sargent,United States,FW,22,2000,1.7,0,0,0,2,0,0,1,1,0,,,0
INT-World Cup,2022,United States,Kellyn Acosta,United States,"DF,MF",26,1995,0.5,1,0,0,1,0,0,0,0,2,,,0
INT-World Cup,2022,United States,Matt Turner,United States,GK,27,1994,4.0,0,0,0,0,4,0,0,0,0,,,0
INT-World Cup,2022,United States,Sergiño Dest,United States,DF,21,2000,3.4,1,0,0,4,2,0,9,2,2,,,0
INT-World Cup,2022,United States,Shaq Moore,United States,"DF,MF",25,1996,0.2,0,0,0,3,0,0,0,0,2,,,0
INT-World Cup,2022,United States,Tim Ream,United States,DF,34,1987,4.0,1,0,0,1,2,0,0,4,3,,,0
INT-World Cup,2022,United States,Timothy Weah,United States,FW,22,2000,3.5,0,0,0,1,1,2,7,0,0,,,0
INT-World Cup,2022,United States,Tyler Adams,United States,MF,23,1999,4.0,1,0,0,5,5,0,2,4,7,,,0
INT-World Cup,2022,United States,Walker Zimmerman,United States,DF,29,1993,3.1,0,0,0,3,0,0,0,4,2,,,0
INT-World Cup,2022,United States,Weston McKennie,United States,MF,23,1998,3.0,1,0,0,6,2,0,1,0,1,,,0
INT-World Cup,2022,United States,Yunus Musah,United States,MF,19,2002,3.8,0,0,0,9,3,0,8,2,7,,,0
INT-World Cup,2022,Uruguay,Agustín Canobbio,Uruguay,"FW,MF",23,1998,0.1,0,0,0,0,1,0,0,0,1,,,0
INT-World Cup,2022,Uruguay,Darwin Núñez,Uruguay,FW,22,1999,2.7,1,0,0,2,3,0,4,0,2,,,0
INT-World Cup,2022,Uruguay,Diego Godín,Uruguay,DF,36,1986,1.7,0,0,0,0,1,0,0,1,0,,,0
INT-World Cup,2022,Uruguay,Edinson Cavani,Uruguay,FW,35,1987,1.4,1,0,0,0,1,1,0,0,0,,,0
INT-World Cup,2022,Uruguay,Facundo Pellistri,Uruguay,"MF,FW",20,2001,2.0,0,0,0,2,2,0,3,0,1,,,0
INT-World Cup,2022,Uruguay,Federico Valverde,Uruguay,MF,23,1998,3.0,0,0,0,6,2,0,7,5,3,,,0
INT-World Cup,2022,Uruguay,Giorgian de Arrascaeta,Uruguay,MF,28,1994,1.2,0,0,0,0,0,0,6,2,1,,,0
INT-World Cup,2022,Uruguay,Guillermo Varela,Uruguay,"MF,DF",29,1993,2.0,0,0,0,3,8,0,7,3,2,,,0
INT-World Cup,2022,Uruguay,José María Giménez,Uruguay,DF,27,1995,3.0,1,0,0,4,3,1,2,7,1,,,0
INT-World Cup,2022,Uruguay,Luis Suárez,Uruguay,FW,35,1987,1.6,1,0,0,0,6,1,0,0,0,,,0
INT-World Cup,2022,Uruguay,Martín Cáceres,Uruguay,DF,35,1987,1.0,1,0,0,1,0,0,0,0,0,,,0
INT-World Cup,2022,Uruguay,Mathías Olivera,Uruguay,"DF,MF",24,1997,2.8,1,0,0,2,3,0,6,2,4,,,0
INT-World Cup,2022,Uruguay,Matías Vecino,Uruguay,MF,30,1991,2.2,0,0,0,4,0,0,1,4,3,,,0
INT-World Cup,2022,Uruguay,Matías Viña,Uruguay,"DF,MF",24,1997,0.2,0,0,0,1,0,0,2,0,3,,,0
INT-World Cup,2022,Uruguay,Maxi Gómez,Uruguay,FW,25,1996,0.3,0,0,0,1,1,0,0,0,0,,,0
INT-World Cup,2022,Uruguay,Nicolás De La Cruz,Uruguay,MF,25,1997,0.4,0,0,0,0,2,0,1,0,0,,,0
INT-World Cup,2022,Uruguay,Rodrigo Bentancur,Uruguay,MF,24,1997,2.4,1,0,0,5,3,0,2,7,8,,,0
INT-World Cup,2022,Uruguay,Sebastián Coates,Uruguay,DF,31,1990,2.0,1,0,0,2,0,0,0,1,0,,,0
INT-World Cup,2022,Uruguay,Sergio Rochet,Uruguay,GK,29,1993,3.0,0,0,0,1,0,0,0,0,0,,,0
INT-World Cup,2022,Wales,Aaron Ramsey,Wales,MF,31,1990,3.0,1,0,0,3,3,0,5,0,0,,,0
INT-World Cup,2022,Wales,Ben Davies,Wales,DF,29,1993,2.6,0,0,0,1,3,0,0,1,2,,,0
INT-World Cup,2022,Wales,Brennan Johnson,Wales,"FW,MF",21,2001,1.0,0,0,0,2,1,0,1,0,0,,,0
INT-World Cup,2022,Wales,Chris Mepham,Wales,DF,24,1997,3.0,1,0,0,7,1,1,0,1,6,,,0
INT-World Cup,2022,Wales,Connor Roberts,Wales,"MF,DF",26,1995,2.2,0,0,0,0,1,0,7,1,3,,,0
INT-World Cup,2022,Wales,Daniel James,Wales,"MF,FW",24,1997,1.7,1,0,0,1,2,0,4,0,1,,,0
INT-World Cup,2022,Wales,Danny Ward,Wales,GK,28,1993,1.0,0,0,0,0,0,0,0,0,0,,,0
INT-World Cup,2022,Wales,Ethan Ampadu,Wales,MF,21,2000,2.8,0,0,0,5,3,0,2,4,3,,,0
INT-World Cup,2022,Wales,Gareth Bale,Wales,"FW,MF",32,1989,2.5,1,0,0,2,5,2,2,1,1,,,0
INT-World Cup,2022,Wales,Harry Wilson,Wales,MF,25,1997,1.8,0,0,0,1,2,0,9,1,2,,,0
INT-World Cup,2022,Wales,Joe Allen,Wales,MF,32,1990,1.0,0,0,0,0,2,0,0,1,1,,,0
INT-World Cup,2022,Wales,Joe Morrell,Wales,"FW,MF",25,1997,0.4,0,0,0,1,1,0,0,1,2,,,0
INT-World Cup,2022,Wales,Joe Rodon,Wales,DF,24,1997,3.0,1,0,0,3,0,0,0,4,2,,,0
INT-World Cup,2022,Wales,Kieffer Moore,Wales,FW,29,1992,2.5,0,0,0,5,4,1,0,2,0,,,0
INT-World Cup,2022,Wales,Neco Williams,Wales,"DF,MF",21,2001,2.3,0,0,0,3,5,0,5,4,3,,,0
INT-World Cup,2022,Wales,Rubin Colwill,Wales,MF,20,2002,0.1,0,0,0,0,0,0,0,0,0,,,0
INT-World Cup,2022,Wales,Sorba Thomas,Wales,"FW,MF",22,1999,0.0,0,0,0,0,0,0,1,0,1,,,0
INT-World Cup,2022,Wales,Wayne Hennessey,Wales,GK,35,1987,1.9,0,1,0,1,0,0,0,0,0,,,0
