league,season,team,player,nation,pos,age,club,born,playing_time_mp,playing_time_starts,playing_time_min,playing_time_90s,performance_gls,performance_ast,performance_g+a,performance_g-pk,performance_pk,performance_pkatt,performance_crdy,performance_crdr,per_90_minutes_gls,per_90_minutes_ast,per_90_minutes_g+a,per_90_minutes_g-pk,per_90_minutes_g+a-pk
INT-World Cup,2022,Argentina,Alexis Mac Allister,Argentina,MF,23,1. Brighton,1998,6,6,550,6.1,1,1,2,1,0,0,0,0,0.16,0.16,0.33,0.16,0.33
INT-World Cup,2022,Argentina,Cristian Romero,Argentina,DF,24,1. Tottenham,1998,7,6,547,6.1,0,0,0,0,0,0,2,0,0.0,0.0,0.0,0.0,0.0
INT-World Cup,2022,Argentina,Emiliano Martínez,Argentina,GK,29,1. Aston Villa,1992,7,7,690,7.7,0,0,0,0,0,0,1,0,0.0,0.0,0.0,0.0,0.0
INT-World Cup,2022,Argentina,Enzo Fernández,Argentina,MF,21,1. Benfica,2001,7,5,564,6.3,1,1,2,1,0,0,1,0,0.16,0.16,0.32,0.16,0.32
INT-World Cup,2022,Argentina,Exequiel Palacios,Argentina,"DF,MF",23,1. Leverkusen,1998,3,0,50,0.6,0,0,0,0,0,0,0,0,0.0,0.0,0.0,0.0,0.0
INT-World Cup,2022,Argentina,Germán Pezzella,Argentina,DF,30,1. Real Betis,1991,3,0,60,0.7,0,0,0,0,0,0,1,0,0.0,0.0,0.0,0.0,0.0
INT-World Cup,2022,Argentina,Gonzalo Montiel,Argentina,DF,25,1. Sevilla,1997,4,1,118,1.3,0,0,0,0,0,0,3,0,0.0,0.0,0.0,0.0,0.0
INT-World Cup,2022,Argentina,Guido Rodríguez,Argentina,MF,28,1. Real Betis,1994,1,1,56,0.6,0,0,0,0,0,0,0,0,0.0,0.0,0.0,0.0,0.0
INT-World Cup,2022,Argentina,Juan Foyth,Argentina,DF,24,1. Villarreal,1998,1,0,5,0.1,0,0,0,0,0,0,0,0,0.0,0.0,0.0,0.0,0.0
INT-World Cup,2022,Argentina,Julián Álvarez,Argentina,FW,22,1. Manchester City,2000,7,5,464,5.2,4,0,4,4,0,0,0,0,0.78,0.0,0.78,0.78,0.78
INT-World Cup,2022,Argentina,Lautaro Martínez,Argentina,FW,24,1. Inter,1997,6,2,241,2.7,0,0,0,0,0,0,0,0,0.0,0.0,0.0,0.0,0.0
INT-World Cup,2022,Argentina,Leandro Paredes,Argentina,MF,27,1. Juventus,1994,5,2,225,2.5,0,0,0,0,0,0,2,0,0.0,0.0,0.0,0.0,0.0
INT-World Cup,2022,Argentina,Lionel Messi,Argentina,FW,34,1. PSG,1987,7,7,690,7.7,7,3,10,3,4,5,1,0,0.91,0.39,1.3,0.39,0.78
INT-World Cup,2022,Argentina,Lisandro Martínez,Argentina,DF,24,1. Manchester Utd,1998,5,2,303,3.4,0,0,0,0,0,0,1,0,0.0,0.0,0.0,0.0,0.0
INT-World Cup,2022,Argentina,Marcos Acuña,Argentina,"DF,MF",30,1. Sevilla,1991,6,4,373,4.1,0,0,0,0,0,0,3,0,0.0,0.0,0.0,0.0,0.0
INT-World Cup,2022,Argentina,Nahuel Molina,Argentina,"DF,MF",24,1. Atlético Madrid,1998,7,6,567,6.3,1,1,2,1,0,0,0,0,0.16,0.16,0.32,0.16,0.32
INT-World Cup,2022,Argentina,Nicolás Otamendi,Argentina,DF,34,1. Benfica,1988,7,7,690,7.7,0,1,1,0,0,0,2,0,0.0,0.13,0.13,0.0,0.13
INT-World Cup,2022,Argentina,Nicolás Tagliafico,Argentina,DF,29,1. Lyon,1992,6,3,373,4.1,0,0,0,0,0,0,0,0,0.0,0.0,0.0,0.0,0.0
INT-World Cup,2022,Argentina,Papu Gómez,Argentina,"MF,FW",34,1. Sevilla,1988,2,2,107,1.2,0,0,0,0,0,0,0,0,0.0,0.0,0.0,0.0,0.0
INT-World Cup,2022,Argentina,Paulo Dybala,Argentina,"FW,MF",28,1. Roma,1993,2,0,18,0.2,0,0,0,0,0,0,0,0,0.0,0.0,0.0,0.0,0.0
INT-World Cup,2022,Argentina,Rodrigo De Paul,Argentina,MF,28,1. Atlético Madrid,1994,7,7,599,6.7,0,0,0,0,0,0,0,0,0.0,0.0,0.0,0.0,0.0
INT-World Cup,2022,Argentina,Thiago Almada,Argentina,"FW,MF",21,1. Atlanta Utd,2001,1,0,7,0.1,0,0,0,0,0,0,0,0,0.0,0.0,0.0,0.0,0.0
INT-World Cup,2022,Argentina,Ángel Correa,Argentina,"FW,MF",27,1. Atlético Madrid,1995,1,0,5,0.1,0,0,0,0,0,0,0,0,0.0,0.0,0.0,0.0,0.0
INT-World Cup,2022,Argentina,Ángel Di María,Argentina,"MF,FW",34,1. Juventus,1988,5,4,288,3.2,1,1,2,1,0,0,0,0,0.31,0.31,0.62,0.31,0.62
INT-World Cup,2022,Australia,Aaron Mooy,Australia,MF,31,1. Celtic,1990,4,4,360,4.0,0,0,0,0,0,0,1,0,0.0,0.0,0.0,0.0,0.0
INT-World Cup,2022,Australia,Ajdin Hrustic,Australia,MF,25,1. Hellas Verona,1996,3,0,62,0.7,0,0,0,0,0,0,0,0,0.0,0.0,0.0,0.0,0.0
INT-World Cup,2022,Australia,Awer Mabil,Australia,"FW,MF",26,1. Cádiz,1995,2,0,24,0.3,0,0,0,0,0,0,0,0,0.0,0.0,0.0,0.0,0.0
INT-World Cup,2022,Australia,Aziz Behich,Australia,DF,31,1. Dundee United,1990,4,4,360,4.0,0,0,0,0,0,0,1,0,0.0,0.0,0.0,0.0,0.0
INT-World Cup,2022,Australia,Bailey Wright,Australia,DF,29,2. Sunderland,1992,1,0,17,0.2,0,0,0,0,0,0,0,0,0.0,0.0,0.0,0.0,0.0
INT-World Cup,2022,Australia,Craig Goodwin,Australia,MF,30,1. Adelaide United,1991,4,3,234,2.6,1,1,2,1,0,0,0,0,0.38,0.38,0.77,0.38,0.77
INT-World Cup,2022,Australia,Fran Karačić,Australia,DF,26,2. Brescia,1996,2,1,93,1.0,0,0,0,0,0,0,0,0,0.0,0.0,0.0,0.0,0.0
INT-World Cup,2022,Australia,Garang Kuol,Australia,MF,17,1. Central Coast,2004,2,0,37,0.4,0,0,0,0,0,0,0,0,0.0,0.0,0.0,0.0,0.0
INT-World Cup,2022,Australia,Harry Souttar,Australia,DF,23,2. Stoke City,1998,4,4,360,4.0,0,0,0,0,0,0,0,0,0.0,0.0,0.0,0.0,0.0
INT-World Cup,2022,Australia,Jackson Irvine,Australia,"MF,FW",29,2. St Pauli,1993,4,4,354,3.9,0,0,0,0,0,0,2,0,0.0,0.0,0.0,0.0,0.0
INT-World Cup,2022,Australia,Jamie Maclaren,Australia,FW,28,1. Melb City,1993,3,0,55,0.6,0,0,0,0,0,0,0,0,0.0,0.0,0.0,0.0,0.0
INT-World Cup,2022,Australia,Jason Cummings,Australia,FW,26,1. Central Coast,1995,1,0,35,0.4,0,0,0,0,0,0,0,0,0.0,0.0,0.0,0.0,0.0
INT-World Cup,2022,Australia,Keanu Baccus,Australia,MF,24,1. St Mirren,1998,4,1,114,1.3,0,0,0,0,0,0,0,0,0.0,0.0,0.0,0.0,0.0
INT-World Cup,2022,Australia,Kye Rowles,Australia,DF,23,1. Hearts,1998,4,4,360,4.0,0,0,0,0,0,0,0,0,0.0,0.0,0.0,0.0,0.0
INT-World Cup,2022,Australia,Mathew Leckie,Australia,MF,31,1. Melb City,1991,4,4,333,3.7,1,1,2,1,0,0,0,0,0.27,0.27,0.54,0.27,0.54
INT-World Cup,2022,Australia,Mathew Ryan,Australia,GK,30,1. FC Copenhagen,1992,4,4,360,4.0,0,0,0,0,0,0,0,0,0.0,0.0,0.0,0.0,0.0
INT-World Cup,2022,Australia,Miloš Degenek,Australia,DF,28,1. Columbus Crew,1994,4,2,183,2.0,0,0,0,0,0,0,2,0,0.0,0.0,0.0,0.0,0.0
INT-World Cup,2022,Australia,Mitchell Duke,Australia,FW,31,2. F. Okayama,1991,4,4,270,3.0,1,0,1,1,0,0,1,0,0.33,0.0,0.33,0.33,0.33
INT-World Cup,2022,Australia,Nathaniel Atkinson,Australia,DF,23,1. Hearts,1999,1,1,84,0.9,0,0,0,0,0,0,0,0,0.0,0.0,0.0,0.0,0.0
INT-World Cup,2022,Australia,Riley McGree,Australia,"MF,FW",23,2. Middlesbrough,1998,4,4,265,2.9,0,1,1,0,0,0,0,0,0.0,0.34,0.34,0.0,0.34
INT-World Cup,2022,Belgium,Amadou Onana,Belgium,MF,20,1. Everton,2001,2,1,104,1.2,0,0,0,0,0,0,2,0,0.0,0.0,0.0,0.0,0.0
INT-World Cup,2022,Belgium,Axel Witsel,Belgium,MF,33,1. Atlético Madrid,1989,3,3,270,3.0,0,0,0,0,0,0,0,0,0.0,0.0,0.0,0.0,0.0
INT-World Cup,2022,Belgium,Charles De Ketelaere,Belgium,"FW,MF",21,1. Milan,2001,1,0,16,0.2,0,0,0,0,0,0,0,0,0.0,0.0,0.0,0.0,0.0
INT-World Cup,2022,Belgium,Dries Mertens,Belgium,FW,35,1. Galatasaray,1987,2,1,76,0.8,0,0,0,0,0,0,0,0,0.0,0.0,0.0,0.0,0.0
INT-World Cup,2022,Belgium,Eden Hazard,Belgium,FW,31,1. Real Madrid,1991,3,2,124,1.4,0,0,0,0,0,0,0,0,0.0,0.0,0.0,0.0,0.0
INT-World Cup,2022,Belgium,Jan Vertonghen,Belgium,DF,35,1. Anderlecht,1987,3,3,270,3.0,0,0,0,0,0,0,0,0,0.0,0.0,0.0,0.0,0.0
INT-World Cup,2022,Belgium,Jeremy Doku,Belgium,"FW,MF",20,1. Rennes,2002,1,0,19,0.2,0,0,0,0,0,0,0,0,0.0,0.0,0.0,0.0,0.0
INT-World Cup,2022,Belgium,Kevin De Bruyne,Belgium,"FW,MF",30,1. Manchester City,1991,3,3,270,3.0,0,0,0,0,0,0,0,0,0.0,0.0,0.0,0.0,0.0
INT-World Cup,2022,Belgium,Leander Dendoncker,Belgium,DF,27,1. Aston Villa,1995,2,2,161,1.8,0,0,0,0,0,0,1,0,0.0,0.0,0.0,0.0,0.0
INT-World Cup,2022,Belgium,Leandro Trossard,Belgium,FW,27,1. Brighton,1994,3,1,103,1.1,0,0,0,0,0,0,0,0,0.0,0.0,0.0,0.0,0.0
INT-World Cup,2022,Belgium,Loïs Openda,Belgium,FW,22,1. Lens,2000,1,0,13,0.1,0,0,0,0,0,0,0,0,0.0,0.0,0.0,0.0,0.0
INT-World Cup,2022,Belgium,Michy Batshuayi,Belgium,FW,28,1. Fenerbahçe,1993,2,2,151,1.7,1,0,1,1,0,0,0,0,0.6,0.0,0.6,0.6,0.6
INT-World Cup,2022,Belgium,Romelu Lukaku,Belgium,FW,29,1. Inter,1993,2,0,55,0.6,0,0,0,0,0,0,0,0,0.0,0.0,0.0,0.0,0.0
INT-World Cup,2022,Belgium,Thibaut Courtois,Belgium,GK,30,1. Real Madrid,1992,3,3,270,3.0,0,0,0,0,0,0,0,0,0.0,0.0,0.0,0.0,0.0
INT-World Cup,2022,Belgium,Thomas Meunier,Belgium,MF,30,1. Dortmund,1991,3,2,211,2.3,0,0,0,0,0,0,1,0,0.0,0.0,0.0,0.0,0.0
INT-World Cup,2022,Belgium,Thorgan Hazard,Belgium,MF,29,1. Dortmund,1993,2,1,106,1.2,0,0,0,0,0,0,0,0,0.0,0.0,0.0,0.0,0.0
INT-World Cup,2022,Belgium,Timothy Castagne,Belgium,"MF,DF",26,1. Leicester City,1995,3,3,270,3.0,0,0,0,0,0,0,0,0,0.0,0.0,0.0,0.0,0.0
INT-World Cup,2022,Belgium,Toby Alderweireld,Belgium,DF,33,1. Antwerp,1989,3,3,270,3.0,0,1,1,0,0,0,0,0,0.0,0.33,0.33,0.0,0.33
INT-World Cup,2022,Belgium,Yannick Carrasco,Belgium,"MF,FW",28,1. Atlético Madrid,1993,2,2,116,1.3,0,0,0,0,0,0,1,0,0.0,0.0,0.0,0.0,0.0
INT-World Cup,2022,Belgium,Youri Tielemans,Belgium,MF,25,1. Leicester City,1997,3,1,95,1.1,0,0,0,0,0,0,0,0,0.0,0.0,0.0,0.0,0.0
INT-World Cup,2022,Brazil,Alex Sandro,Brazil,DF,31,1. Juventus,1991,3,2,190,2.1,0,0,0,0,0,0,0,0,0.0,0.0,0.0,0.0,0.0
INT-World Cup,2022,Brazil,Alex Telles,Brazil,DF,29,1. Sevilla,1992,2,1,59,0.7,0,0,0,0,0,0,0,0,0.0,0.0,0.0,0.0,0.0
INT-World Cup,2022,Brazil,Alisson,Brazil,GK,29,1. Liverpool,1992,4,4,379,4.2,0,0,0,0,0,0,0,0,0.0,0.0,0.0,0.0,0.0
INT-World Cup,2022,Brazil,Antony,Brazil,MF,22,1. Manchester Utd,2000,4,1,172,1.9,0,0,0,0,0,0,0,0,0.0,0.0,0.0,0.0,0.0
INT-World Cup,2022,Brazil,Bruno Guimarães,Brazil,MF,24,1. Newcastle,1997,2,0,69,0.8,0,0,0,0,0,0,1,0,0.0,0.0,0.0,0.0,0.0
INT-World Cup,2022,Brazil,Casemiro,Brazil,MF,30,1. Manchester Utd,1992,4,4,390,4.3,1,0,1,1,0,0,1,0,0.23,0.0,0.23,0.23,0.23
INT-World Cup,2022,Brazil,Dani Alves,Brazil,DF,39,1. UNAM,1983,2,1,118,1.3,0,0,0,0,0,0,0,0,0.0,0.0,0.0,0.0,0.0
INT-World Cup,2022,Brazil,Danilo,Brazil,DF,30,1. Juventus,1991,3,3,281,3.1,0,0,0,0,0,0,1,0,0.0,0.0,0.0,0.0,0.0
INT-World Cup,2022,Brazil,Ederson Moraes,Brazil,GK,28,1. Manchester City,1993,1,1,90,1.0,0,0,0,0,0,0,0,0,0.0,0.0,0.0,0.0,0.0
INT-World Cup,2022,Brazil,Everton Ribeiro,Brazil,MF,33,1. Flamengo,1989,1,0,36,0.4,0,0,0,0,0,0,0,0,0.0,0.0,0.0,0.0,0.0
INT-World Cup,2022,Brazil,Fabinho,Brazil,MF,28,1. Liverpool,1993,1,1,90,1.0,0,0,0,0,0,0,0,0,0.0,0.0,0.0,0.0,0.0
INT-World Cup,2022,Brazil,Fred,Brazil,MF,29,1. Manchester Utd,1993,4,2,142,1.6,0,0,0,0,0,0,1,0,0.0,0.0,0.0,0.0,0.0
INT-World Cup,2022,Brazil,Gabriel Jesus,Brazil,FW,25,1. Arsenal,1997,3,1,93,1.0,0,0,0,0,0,0,0,0,0.0,0.0,0.0,0.0,0.0
INT-World Cup,2022,Brazil,Gabriel Martinelli,Brazil,FW,20,1. Arsenal,2001,3,1,113,1.3,0,0,0,0,0,0,0,0,0.0,0.0,0.0,0.0,0.0
INT-World Cup,2022,Brazil,Gleison Bremer,Brazil,DF,25,1. Juventus,1997,2,1,109,1.2,0,0,0,0,0,0,0,0,0.0,0.0,0.0,0.0,0.0
INT-World Cup,2022,Brazil,Lucas Paquetá,Brazil,MF,24,1. West Ham,1997,4,4,314,3.5,1,1,2,1,0,0,0,0,0.29,0.29,0.57,0.29,0.57
INT-World Cup,2022,Brazil,Marquinhos,Brazil,DF,28,1. PSG,1994,5,4,426,4.7,0,0,0,0,0,0,1,0,0.0,0.0,0.0,0.0,0.0
INT-World Cup,2022,Brazil,Neymar,Brazil,"MF,FW",30,1. PSG,1992,3,3,279,3.1,2,0,2,1,1,1,0,0,0.65,0.0,0.65,0.32,0.32
INT-World Cup,2022,Brazil,Pedro,Brazil,FW,24,1. Flamengo,1997,2,0,64,0.7,0,0,0,0,0,0,0,0,0.0,0.0,0.0,0.0,0.0
INT-World Cup,2022,Brazil,Raphinha,Brazil,"FW,MF",25,1. Barcelona,1996,5,4,315,3.5,0,1,1,0,0,0,0,0,0.0,0.29,0.29,0.0,0.29
INT-World Cup,2022,Brazil,Richarlison,Brazil,FW,25,1. Tottenham,1997,4,4,323,3.6,3,0,3,3,0,0,0,0,0.84,0.0,0.84,0.84,0.84
INT-World Cup,2022,Brazil,Rodrygo,Brazil,MF,21,1. Real Madrid,2001,5,1,181,2.0,0,1,1,0,0,0,0,0,0.0,0.5,0.5,0.0,0.5
INT-World Cup,2022,Brazil,Thiago Silva,Brazil,DF,37,1. Chelsea,1984,4,4,390,4.3,0,1,1,0,0,0,0,0,0.0,0.23,0.23,0.0,0.23
INT-World Cup,2022,Brazil,Vinicius Júnior,Brazil,"FW,MF",21,1. Real Madrid,2000,4,4,299,3.3,1,2,3,1,0,0,0,0,0.3,0.6,0.9,0.3,0.9
INT-World Cup,2022,Brazil,Wéverton,Brazil,GK,34,1. Palmeiras,1987,1,0,11,0.1,0,0,0,0,0,0,0,0,0.0,0.0,0.0,0.0,0.0
INT-World Cup,2022,Brazil,Éder Militão,Brazil,DF,24,1. Real Madrid,1998,4,4,347,3.9,0,0,0,0,0,0,1,0,0.0,0.0,0.0,0.0,0.0
INT-World Cup,2022,Cameroon,Andre-Frank Zambo Anguissa,Cameroon,MF,26,1. Napoli,1995,3,3,260,2.9,0,1,1,0,0,0,0,0,0.0,0.35,0.35,0.0,0.35
INT-World Cup,2022,Cameroon,André Onana,Cameroon,GK,26,1. Inter,1996,1,1,80,0.9,0,0,0,0,0,0,0,0,0.0,0.0,0.0,0.0,0.0
INT-World Cup,2022,Cameroon,Bryan Mbeumo,Cameroon,"FW,MF",22,1. Brentford,1999,3,3,233,2.6,0,0,0,0,0,0,0,0,0.0,0.0,0.0,0.0,0.0
INT-World Cup,2022,Cameroon,Christian Bassogog,Cameroon,"FW,MF",26,1. Shanghai Shen,1995,1,0,24,0.3,0,0,0,0,0,0,1,0,0.0,0.0,0.0,0.0,0.0
INT-World Cup,2022,Cameroon,Christopher Wooh,Cameroon,DF,20,1. Rennes,2001,1,1,90,1.0,0,0,0,0,0,0,0,0,0.0,0.0,0.0,0.0,0.0
INT-World Cup,2022,Cameroon,Collins Fai,Cameroon,DF,29,1. Al-Ta'ee,1992,3,3,270,3.0,0,0,0,0,0,0,2,0,0.0,0.0,0.0,0.0,0.0
INT-World Cup,2022,Cameroon,Devis Epassy,Cameroon,GK,29,1. Abha,1993,2,2,180,2.0,0,0,0,0,0,0,0,0,0.0,0.0,0.0,0.0,0.0
INT-World Cup,2022,Cameroon,Enzo Ebosse,Cameroon,DF,23,1. Udinese,1999,1,1,90,1.0,0,0,0,0,0,0,0,0,0.0,0.0,0.0,0.0,0.0
INT-World Cup,2022,Cameroon,Eric Maxim Choupo-Moting,Cameroon,FW,33,1. Bayern Munich,1989,3,3,253,2.8,1,0,1,1,0,0,0,0,0.36,0.0,0.36,0.36,0.36
INT-World Cup,2022,Cameroon,Gaël Ondoua,Cameroon,MF,26,2. Hannover 96,1995,2,0,47,0.5,0,0,0,0,0,0,0,0,0.0,0.0,0.0,0.0,0.0
INT-World Cup,2022,Cameroon,Georges-Kévin N'Koudou,Cameroon,"FW,MF",27,1. Beşiktaş,1995,2,0,27,0.3,0,0,0,0,0,0,0,0,0.0,0.0,0.0,0.0,0.0
INT-World Cup,2022,Cameroon,Jean-Charles Castelletto,Cameroon,DF,27,1. Nantes,1995,2,2,180,2.0,1,1,2,1,0,0,0,0,0.5,0.5,1.0,0.5,1.0
INT-World Cup,2022,Cameroon,Jerome Ngom Mbekeli,Cameroon,MF,23,1. Colombe Sportive du Dja et Lobo,1998,1,0,5,0.1,0,0,0,0,0,0,0,0,0.0,0.0,0.0,0.0,0.0
INT-World Cup,2022,Cameroon,Karl Toko Ekambi,Cameroon,FW,29,1. Lyon,1992,3,2,166,1.8,0,0,0,0,0,0,0,0,0.0,0.0,0.0,0.0,0.0
INT-World Cup,2022,Cameroon,Martin Hongla,Cameroon,MF,24,1. Hellas Verona,1998,2,2,121,1.3,0,0,0,0,0,0,0,0,0.0,0.0,0.0,0.0,0.0
INT-World Cup,2022,Cameroon,Moumi Ngamaleu,Cameroon,MF,27,1. Dynamo Moskva,1994,2,1,95,1.1,0,0,0,0,0,0,0,0,0.0,0.0,0.0,0.0,0.0
INT-World Cup,2022,Cameroon,Nicolas Nkoulou,Cameroon,DF,32,1. Aris,1990,2,2,180,2.0,0,1,1,0,0,0,1,0,0.0,0.5,0.5,0.0,0.5
INT-World Cup,2022,Cameroon,Nouhou Tolo,Cameroon,DF,24,1. Seattle Sounders,1997,3,3,270,3.0,0,0,0,0,0,0,1,0,0.0,0.0,0.0,0.0,0.0
INT-World Cup,2022,Cameroon,Olivier Ntcham,Cameroon,MF,26,2. Swansea City,1996,1,0,25,0.3,0,0,0,0,0,0,0,0,0.0,0.0,0.0,0.0,0.0
INT-World Cup,2022,Cameroon,Pierre Kunde,Cameroon,MF,26,1. Olympiacos,1995,2,2,131,1.5,0,0,0,0,0,0,1,0,0.0,0.0,0.0,0.0,0.0
INT-World Cup,2022,Cameroon,Samuel Oum Gouet,Cameroon,MF,24,1. Mechelen,1997,2,1,100,1.1,0,0,0,0,0,0,0,0,0.0,0.0,0.0,0.0,0.0
INT-World Cup,2022,Cameroon,Vincent Aboubakar,Cameroon,FW,30,1. Al-Nassr,1992,3,1,142,1.6,2,1,3,2,0,0,2,1,1.27,0.63,1.9,1.27,1.9
INT-World Cup,2022,Canada,Alistair Johnston,Canada,DF,23,1. CF Montréal,1998,3,3,270,3.0,0,0,0,0,0,0,1,0,0.0,0.0,0.0,0.0,0.0
INT-World Cup,2022,Canada,Alphonso Davies,Canada,"MF,FW",21,1. Bayern Munich,2000,3,3,270,3.0,1,0,1,1,0,1,1,0,0.33,0.0,0.33,0.33,0.33
INT-World Cup,2022,Canada,Atiba Hutchinson,Canada,MF,39,1. Beşiktaş,1983,3,2,159,1.8,0,0,0,0,0,0,0,0,0.0,0.0,0.0,0.0,0.0
INT-World Cup,2022,Canada,Cyle Larin,Canada,FW,27,1. Club Brugge,1995,3,2,137,1.5,0,0,0,0,0,0,0,0,0.0,0.0,0.0,0.0,0.0
INT-World Cup,2022,Canada,David Wotherspoon,Canada,MF,32,1. St Johnstone,1990,1,0,15,0.2,0,0,0,0,0,0,0,0,0.0,0.0,0.0,0.0,0.0
INT-World Cup,2022,Canada,Ismaël Koné,Canada,MF,19,1. CF Montréal,2002,3,0,109,1.2,0,0,0,0,0,0,0,0,0.0,0.0,0.0,0.0,0.0
INT-World Cup,2022,Canada,Jonathan David,Canada,FW,22,1. Lille,2000,3,2,192,2.1,0,0,0,0,0,0,0,0,0.0,0.0,0.0,0.0,0.0
INT-World Cup,2022,Canada,Jonathan Osorio,Canada,MF,30,1. Toronto FC,1992,3,1,119,1.3,0,0,0,0,0,0,1,0,0.0,0.0,0.0,0.0,0.0
INT-World Cup,2022,Canada,Junior Hoilett,Canada,MF,32,2. Reading,1990,3,2,161,1.8,0,0,0,0,0,0,1,0,0.0,0.0,0.0,0.0,0.0
INT-World Cup,2022,Canada,Kamal Miller,Canada,DF,25,1. CF Montréal,1997,3,3,270,3.0,0,0,0,0,0,0,1,0,0.0,0.0,0.0,0.0,0.0
INT-World Cup,2022,Canada,Liam Millar,Canada,"FW,MF",22,1. Basel,1999,1,0,10,0.1,0,0,0,0,0,0,0,0,0.0,0.0,0.0,0.0,0.0
INT-World Cup,2022,Canada,Lucas Cavallini,Canada,FW,29,1. Vancouver,1992,1,0,19,0.2,0,0,0,0,0,0,0,0,0.0,0.0,0.0,0.0,0.0
INT-World Cup,2022,Canada,Mark-Anthony Kaye,Canada,MF,27,1. Toronto FC,1994,1,1,59,0.7,0,0,0,0,0,0,0,0,0.0,0.0,0.0,0.0,0.0
INT-World Cup,2022,Canada,Milan Borjan,Canada,GK,34,1. Red Star,1987,3,3,270,3.0,0,0,0,0,0,0,0,0,0.0,0.0,0.0,0.0,0.0
INT-World Cup,2022,Canada,Richie Laryea,Canada,"MF,DF",27,1. Toronto FC,1995,3,2,160,1.8,0,0,0,0,0,0,0,0,0.0,0.0,0.0,0.0,0.0
INT-World Cup,2022,Canada,Sam Adekugbe,Canada,DF,27,1. Hatayspor,1995,3,1,95,1.1,0,0,0,0,0,0,1,0,0.0,0.0,0.0,0.0,0.0
INT-World Cup,2022,Canada,Stephen Eustáquio,Canada,MF,25,1. Porto,1996,2,2,125,1.4,0,0,0,0,0,0,0,0,0.0,0.0,0.0,0.0,0.0
INT-World Cup,2022,Canada,Steven Vitória,Canada,DF,35,1. Chaves,1987,3,3,270,3.0,0,0,0,0,0,0,1,0,0.0,0.0,0.0,0.0,0.0
INT-World Cup,2022,Canada,Tajon Buchanan,Canada,"MF,FW",23,1. Club Brugge,1999,3,3,260,2.9,0,1,1,0,0,0,1,0,0.0,0.35,0.35,0.0,0.35
INT-World Cup,2022,Costa Rica,Anthony Contreras,Costa Rica,FW,22,1. Herediano,2000,3,2,125,1.4,0,0,0,0,0,0,1,0,0.0,0.0,0.0,0.0,0.0
INT-World Cup,2022,Costa Rica,Brandon Aguilera,Costa Rica,MF,18,1. Asociación Deportiva Guanacasteca,2003,3,1,90,1.0,0,0,0,0,0,0,0,0,0.0,0.0,0.0,0.0,0.0
INT-World Cup,2022,Costa Rica,Bryan Oviedo,Costa Rica,DF,32,1. Real Salt Lake,1990,3,3,260,2.9,0,0,0,0,0,0,0,0,0.0,0.0,0.0,0.0,0.0
INT-World Cup,2022,Costa Rica,Bryan Ruiz,Costa Rica,"FW,MF",36,1. Alajuelense,1985,1,0,30,0.3,0,0,0,0,0,0,0,0,0.0,0.0,0.0,0.0,0.0
INT-World Cup,2022,Costa Rica,Carlos Martínez,Costa Rica,DF,23,1. San Carlos,1999,1,1,45,0.5,0,0,0,0,0,0,0,0,0.0,0.0,0.0,0.0,0.0
INT-World Cup,2022,Costa Rica,Celso Borges,Costa Rica,MF,34,1. Alajuelense,1988,3,3,249,2.8,0,0,0,0,0,0,1,0,0.0,0.0,0.0,0.0,0.0
INT-World Cup,2022,Costa Rica,Daniel Chacón,Costa Rica,DF,21,1. CS Cartaginés,2001,1,0,1,0.0,0,0,0,0,0,0,0,0,0.0,0.0,0.0,0.0,0.0
INT-World Cup,2022,Costa Rica,Francisco Calvo,Costa Rica,DF,29,1. Konyaspor,1992,2,2,180,2.0,0,0,0,0,0,0,2,0,0.0,0.0,0.0,0.0,0.0
INT-World Cup,2022,Costa Rica,Gerson Torres,Costa Rica,MF,24,1. Herediano,1997,1,1,64,0.7,0,0,0,0,0,0,0,0,0.0,0.0,0.0,0.0,0.0
INT-World Cup,2022,Costa Rica,Jewison Bennette,Costa Rica,MF,17,2. Sunderland,2004,3,1,103,1.1,0,0,0,0,0,0,0,0,0.0,0.0,0.0,0.0,0.0
INT-World Cup,2022,Costa Rica,Joel Campbell,Costa Rica,"MF,FW",29,1. León,1992,3,3,269,3.0,0,0,0,0,0,0,1,0,0.0,0.0,0.0,0.0,0.0
INT-World Cup,2022,Costa Rica,Johan Venegas,Costa Rica,FW,33,1. Alajuelense,1988,1,1,73,0.8,0,0,0,0,0,0,0,0,0.0,0.0,0.0,0.0,0.0
INT-World Cup,2022,Costa Rica,Juan Pablo Vargas,Costa Rica,DF,27,1. Millonarios,1995,1,1,90,1.0,0,0,0,0,0,0,0,0,0.0,0.0,0.0,0.0,0.0
INT-World Cup,2022,Costa Rica,Kendall Waston,Costa Rica,DF,34,1. Saprissa,1988,3,2,225,2.5,0,0,0,0,0,0,0,0,0.0,0.0,0.0,0.0,0.0
INT-World Cup,2022,Costa Rica,Keylor Navas,Costa Rica,GK,35,1. PSG,1986,3,3,270,3.0,0,0,0,0,0,0,0,0,0.0,0.0,0.0,0.0,0.0
INT-World Cup,2022,Costa Rica,Keysher Fuller,Costa Rica,"DF,MF",27,1. Herediano,1994,3,3,253,2.8,1,0,1,1,0,0,0,0,0.36,0.0,0.36,0.36,0.36
INT-World Cup,2022,Costa Rica,Roan Wilson,Costa Rica,FW,20,1. Municipal Grecia,2002,1,0,1,0.0,0,0,0,0,0,0,0,0,0.0,0.0,0.0,0.0,0.0
INT-World Cup,2022,Costa Rica,Rónald Matarrita,Costa Rica,"DF,MF",27,1. FC Cincinnati,1994,2,0,26,0.3,0,0,0,0,0,0,0,0,0.0,0.0,0.0,0.0,0.0
INT-World Cup,2022,Costa Rica,Yeltsin Tejeda,Costa Rica,MF,30,1. Herediano,1992,3,3,269,3.0,1,1,2,1,0,0,0,0,0.33,0.33,0.67,0.33,0.67
INT-World Cup,2022,Costa Rica,Youstin Salas,Costa Rica,DF,25,1. Saprissa,1996,2,0,47,0.5,0,0,0,0,0,0,0,0,0.0,0.0,0.0,0.0,0.0
INT-World Cup,2022,Costa Rica,Álvaro Zamora,Costa Rica,FW,20,1. Saprissa,2002,1,0,30,0.3,0,0,0,0,0,0,0,0,0.0,0.0,0.0,0.0,0.0
INT-World Cup,2022,Costa Rica,Óscar Duarte,Costa Rica,DF,33,1. Al-Wehda,1989,3,3,270,3.0,0,0,0,0,0,0,1,0,0.0,0.0,0.0,0.0,0.0
INT-World Cup,2022,Croatia,Andrej Kramarić,Croatia,FW,30,1. Hoffenheim,1991,7,7,474,5.3,2,0,2,2,0,0,0,0,0.38,0.0,0.38,0.38,0.38
INT-World Cup,2022,Croatia,Ante Budimir,Croatia,FW,30,1. Osasuna,1991,2,0,55,0.6,0,0,0,0,0,0,0,0,0.0,0.0,0.0,0.0,0.0
INT-World Cup,2022,Croatia,Borna Barišić,Croatia,DF,29,1. Rangers,1992,1,1,120,1.3,0,0,0,0,0,0,1,0,0.0,0.0,0.0,0.0,0.0
INT-World Cup,2022,Croatia,Borna Sosa,Croatia,DF,24,1. Stuttgart,1998,5,5,424,4.7,0,0,0,0,0,0,0,0,0.0,0.0,0.0,0.0,0.0
INT-World Cup,2022,Croatia,Bruno Petković,Croatia,FW,27,1. Dinamo Zagreb,1994,6,1,234,2.6,1,0,1,1,0,0,1,0,0.38,0.0,0.38,0.38,0.38
INT-World Cup,2022,Croatia,Dejan Lovren,Croatia,DF,32,1. Zenit,1989,6,6,600,6.7,0,1,1,0,0,0,1,0,0.0,0.15,0.15,0.0,0.15
INT-World Cup,2022,Croatia,Dominik Livaković,Croatia,GK,27,1. Dinamo Zagreb,1995,7,7,690,7.7,0,0,0,0,0,0,1,0,0.0,0.0,0.0,0.0,0.0
INT-World Cup,2022,Croatia,Ivan Perišić,Croatia,"FW,MF",33,1. Tottenham,1989,7,7,669,7.4,1,3,4,1,0,0,0,0,0.13,0.4,0.54,0.13,0.54
INT-World Cup,2022,Croatia,Josip Juranović,Croatia,DF,26,1. Celtic,1995,6,6,600,6.7,0,1,1,0,0,0,0,0,0.0,0.15,0.15,0.0,0.15
INT-World Cup,2022,Croatia,Josip Stanišić,Croatia,DF,22,1. Bayern Munich,2000,1,1,90,1.0,0,0,0,0,0,0,0,0,0.0,0.0,0.0,0.0,0.0
INT-World Cup,2022,Croatia,Josip Šutalo,Croatia,DF,22,1. Dinamo Zagreb,2000,1,1,90,1.0,0,0,0,0,0,0,0,0,0.0,0.0,0.0,0.0,0.0
INT-World Cup,2022,Croatia,Joško Gvardiol,Croatia,DF,20,1. RB Leipzig,2002,7,7,690,7.7,1,0,1,1,0,0,0,0,0.13,0.0,0.13,0.13,0.13
INT-World Cup,2022,Croatia,Kristijan Jakić,Croatia,"DF,MF",25,1. Frankfurt,1997,1,0,1,0.0,0,0,0,0,0,0,0,0,0.0,0.0,0.0,0.0,0.0
INT-World Cup,2022,Croatia,Lovro Majer,Croatia,MF,24,1. Rennes,1998,7,1,130,1.4,1,0,1,1,0,0,0,0,0.69,0.0,0.69,0.69,0.69
INT-World Cup,2022,Croatia,Luka Modrić,Croatia,MF,36,1. Real Madrid,1985,7,7,653,7.3,0,0,0,0,0,0,1,0,0.0,0.0,0.0,0.0,0.0
INT-World Cup,2022,Croatia,Marcelo Brozović,Croatia,MF,29,1. Inter,1992,6,6,552,6.1,0,0,0,0,0,0,1,0,0.0,0.0,0.0,0.0,0.0
INT-World Cup,2022,Croatia,Mario Pašalić,Croatia,FW,27,1. Atalanta,1995,7,2,271,3.0,0,0,0,0,0,0,0,0,0.0,0.0,0.0,0.0,0.0
INT-World Cup,2022,Croatia,Marko Livaja,Croatia,FW,28,1. Hajduk Split,1993,6,3,241,2.7,1,1,2,1,0,0,0,0,0.37,0.37,0.75,0.37,0.75
INT-World Cup,2022,Croatia,Mateo Kovačić,Croatia,MF,28,1. Chelsea,1994,7,7,635,7.1,0,0,0,0,0,0,2,0,0.0,0.0,0.0,0.0,0.0
INT-World Cup,2022,Croatia,Mislav Oršić,Croatia,MF,29,1. Dinamo Zagreb,1992,6,1,162,1.8,1,2,3,1,0,0,0,0,0.56,1.11,1.67,0.56,1.67
INT-World Cup,2022,Croatia,Nikola Vlašić,Croatia,FW,24,1. Torino,1997,6,1,209,2.3,0,0,0,0,0,0,0,0,0.0,0.0,0.0,0.0,0.0
INT-World Cup,2022,Denmark,Alexander Bah,Denmark,"DF,MF",24,1. Benfica,1997,2,0,46,0.5,0,0,0,0,0,0,0,0,0.0,0.0,0.0,0.0,0.0
INT-World Cup,2022,Denmark,Andreas Christensen,Denmark,DF,26,1. Barcelona,1996,3,3,270,3.0,1,0,1,1,0,0,1,0,0.33,0.0,0.33,0.33,0.33
INT-World Cup,2022,Denmark,Andreas Cornelius,Denmark,FW,29,1. FC Copenhagen,1993,3,1,92,1.0,0,0,0,0,0,0,1,0,0.0,0.0,0.0,0.0,0.0
INT-World Cup,2022,Denmark,Andreas Skov Olsen,Denmark,FW,22,1. Club Brugge,1999,2,2,132,1.5,0,0,0,0,0,0,0,0,0.0,0.0,0.0,0.0,0.0
INT-World Cup,2022,Denmark,Christian Eriksen,Denmark,MF,30,1. Manchester Utd,1992,3,3,270,3.0,0,0,0,0,0,0,0,0,0.0,0.0,0.0,0.0,0.0
INT-World Cup,2022,Denmark,Christian Nørgaard,Denmark,MF,28,1. Brentford,1994,1,0,6,0.1,0,0,0,0,0,0,0,0,0.0,0.0,0.0,0.0,0.0
INT-World Cup,2022,Denmark,Jesper Lindstrøm,Denmark,FW,22,1. Frankfurt,2000,3,2,200,2.2,0,0,0,0,0,0,0,0,0.0,0.0,0.0,0.0,0.0
INT-World Cup,2022,Denmark,Joachim Andersen,Denmark,DF,26,1. Crystal Palace,1996,3,3,270,3.0,0,1,1,0,0,0,0,0,0.0,0.33,0.33,0.0,0.33
INT-World Cup,2022,Denmark,Joakim Mæhle,Denmark,"MF,DF",25,1. Atalanta,1997,3,3,249,2.8,0,0,0,0,0,0,0,0,0.0,0.0,0.0,0.0,0.0
INT-World Cup,2022,Denmark,Kasper Dolberg,Denmark,FW,24,1. Sevilla,1997,3,1,114,1.3,0,0,0,0,0,0,0,0,0.0,0.0,0.0,0.0,0.0
INT-World Cup,2022,Denmark,Kasper Schmeichel,Denmark,GK,35,1. Nice,1986,3,3,270,3.0,0,0,0,0,0,0,0,0,0.0,0.0,0.0,0.0,0.0
INT-World Cup,2022,Denmark,Martin Braithwaite,Denmark,FW,31,1. Espanyol,1991,2,1,103,1.1,0,0,0,0,0,0,0,0,0.0,0.0,0.0,0.0,0.0
INT-World Cup,2022,Denmark,Mathias Jensen,Denmark,MF,26,1. Brentford,1996,2,1,84,0.9,0,0,0,0,0,0,1,0,0.0,0.0,0.0,0.0,0.0
INT-World Cup,2022,Denmark,Mikkel Damsgaard,Denmark,FW,21,1. Brentford,2000,3,1,150,1.7,0,0,0,0,0,0,0,0,0.0,0.0,0.0,0.0,0.0
INT-World Cup,2022,Denmark,Pierre Højbjerg,Denmark,MF,26,1. Tottenham,1995,3,3,270,3.0,0,0,0,0,0,0,0,0,0.0,0.0,0.0,0.0,0.0
INT-World Cup,2022,Denmark,Rasmus Kristensen,Denmark,"MF,DF",24,1. Leeds United,1997,3,3,224,2.5,0,0,0,0,0,0,1,0,0.0,0.0,0.0,0.0,0.0
INT-World Cup,2022,Denmark,Robert Skov,Denmark,"FW,MF",26,1. Hoffenheim,1996,1,0,22,0.2,0,0,0,0,0,0,1,0,0.0,0.0,0.0,0.0,0.0
INT-World Cup,2022,Denmark,Simon Kjær,Denmark,DF,33,1. Milan,1989,1,1,64,0.7,0,0,0,0,0,0,0,0,0.0,0.0,0.0,0.0,0.0
INT-World Cup,2022,Denmark,Thomas Delaney,Denmark,MF,30,1. Sevilla,1991,1,1,44,0.5,0,0,0,0,0,0,0,0,0.0,0.0,0.0,0.0,0.0
INT-World Cup,2022,Denmark,Victor Nelsson,Denmark,DF,23,1. Galatasaray,1998,1,1,90,1.0,0,0,0,0,0,0,0,0,0.0,0.0,0.0,0.0,0.0
INT-World Cup,2022,Ecuador,Alan Franco,Ecuador,MF,23,1. Talleres–C,1998,2,1,46,0.5,0,0,0,0,0,0,0,0,0.0,0.0,0.0,0.0,0.0
INT-World Cup,2022,Ecuador,Carlos Gruezo,Ecuador,MF,27,1. Augsburg,1995,1,1,45,0.5,0,0,0,0,0,0,0,0,0.0,0.0,0.0,0.0,0.0
INT-World Cup,2022,Ecuador,Djorkaeff Reasco,Ecuador,FW,23,1. Newell's,1999,1,0,27,0.3,0,0,0,0,0,0,0,0,0.0,0.0,0.0,0.0,0.0
INT-World Cup,2022,Ecuador,Enner Valencia,Ecuador,FW,32,1. Fenerbahçe,1989,3,3,255,2.8,3,0,3,2,1,1,0,0,1.06,0.0,1.06,0.71,0.71
INT-World Cup,2022,Ecuador,Félix Torres Caicedo,Ecuador,DF,25,1. Santos Laguna,1997,3,3,270,3.0,0,1,1,0,0,0,0,0,0.0,0.33,0.33,0.0,0.33
INT-World Cup,2022,Ecuador,Gonzalo Plata,Ecuador,"FW,MF",21,1. Valladolid,2000,3,3,269,3.0,0,0,0,0,0,0,0,0,0.0,0.0,0.0,0.0,0.0
INT-World Cup,2022,Ecuador,Hernán Galíndez,Ecuador,GK,35,1. Aucas,1987,3,3,270,3.0,0,0,0,0,0,0,0,0,0.0,0.0,0.0,0.0,0.0
INT-World Cup,2022,Ecuador,Jackson Porozo,Ecuador,DF,21,1. Troyes,2000,2,1,96,1.1,0,0,0,0,0,0,0,0,0.0,0.0,0.0,0.0,0.0
INT-World Cup,2022,Ecuador,Jeremy Sarmiento,Ecuador,MF,19,1. Brighton,2002,3,0,85,0.9,0,0,0,0,0,0,0,0,0.0,0.0,0.0,0.0,0.0
INT-World Cup,2022,Ecuador,Jhegson Méndez,Ecuador,MF,25,1. LAFC,1997,2,2,180,2.0,0,0,0,0,0,0,2,0,0.0,0.0,0.0,0.0,0.0
INT-World Cup,2022,Ecuador,José Cifuentes,Ecuador,MF,23,1. LAFC,1999,2,0,59,0.7,0,0,0,0,0,0,0,0,0.0,0.0,0.0,0.0,0.0
INT-World Cup,2022,Ecuador,Kevin Rodríguez,Ecuador,FW,22,,2000,2,0,2,0.0,0,0,0,0,0,0,0,0,0.0,0.0,0.0,0.0,0.0
INT-World Cup,2022,Ecuador,Michael Estrada,Ecuador,FW,26,1. Cruz Azul,1996,3,3,225,2.5,0,0,0,0,0,0,0,0,0.0,0.0,0.0,0.0,0.0
INT-World Cup,2022,Ecuador,Moisés Caicedo,Ecuador,MF,20,1. Brighton,2001,3,3,269,3.0,1,0,1,1,0,0,1,0,0.33,0.0,0.33,0.33,0.33
INT-World Cup,2022,Ecuador,Pervis Estupiñán,Ecuador,"DF,MF",24,1. Brighton,1998,3,3,270,3.0,0,0,0,0,0,0,0,0,0.0,0.0,0.0,0.0,0.0
INT-World Cup,2022,Ecuador,Piero Hincapié,Ecuador,DF,20,1. Leverkusen,2002,3,3,270,3.0,0,0,0,0,0,0,0,0,0.0,0.0,0.0,0.0,0.0
INT-World Cup,2022,Ecuador,Romario Ibarra,Ecuador,MF,27,1. Pachuca,1994,2,1,68,0.8,0,0,0,0,0,0,0,0,0.0,0.0,0.0,0.0,0.0
INT-World Cup,2022,Ecuador,Ángelo Preciado,Ecuador,"DF,MF",24,1. Genk,1998,3,3,264,2.9,0,1,1,0,0,0,0,0,0.0,0.34,0.34,0.0,0.34
INT-World Cup,2022,England,Bukayo Saka,England,"FW,MF",20,1. Arsenal,2001,4,4,288,3.2,3,0,3,3,0,0,0,0,0.94,0.0,0.94,0.94,0.94
INT-World Cup,2022,England,Callum Wilson,England,FW,30,1. Newcastle,1992,2,0,48,0.5,0,1,1,0,0,0,0,0,0.0,1.87,1.87,0.0,1.87
INT-World Cup,2022,England,Declan Rice,England,MF,23,1. West Ham,1999,5,5,417,4.6,0,0,0,0,0,0,0,0,0.0,0.0,0.0,0.0,0.0
INT-World Cup,2022,England,Eric Dier,England,"DF,MF",28,1. Tottenham,1994,2,0,36,0.4,0,0,0,0,0,0,0,0,0.0,0.0,0.0,0.0,0.0
INT-World Cup,2022,England,Harry Kane,England,FW,28,1. Tottenham,1993,5,5,402,4.5,2,3,5,1,1,2,0,0,0.45,0.67,1.12,0.22,0.9
INT-World Cup,2022,England,Harry Maguire,England,DF,29,1. Manchester Utd,1993,5,5,429,4.8,0,1,1,0,0,0,1,0,0.0,0.21,0.21,0.0,0.21
INT-World Cup,2022,England,Jack Grealish,England,"FW,MF",26,1. Manchester City,1995,5,0,86,1.0,1,0,1,1,0,0,0,0,1.05,0.0,1.05,1.05,1.05
INT-World Cup,2022,England,John Stones,England,DF,28,1. Manchester City,1994,5,5,434,4.8,0,0,0,0,0,0,0,0,0.0,0.0,0.0,0.0,0.0
INT-World Cup,2022,England,Jordan Henderson,England,MF,31,1. Liverpool,1990,4,3,271,3.0,1,0,1,1,0,0,0,0,0.33,0.0,0.33,0.33,0.33
INT-World Cup,2022,England,Jordan Pickford,England,GK,28,1. Everton,1994,5,5,450,5.0,0,0,0,0,0,0,0,0,0.0,0.0,0.0,0.0,0.0
INT-World Cup,2022,England,Jude Bellingham,England,MF,18,1. Dortmund,2003,5,5,414,4.6,1,1,2,1,0,0,0,0,0.22,0.22,0.43,0.22,0.43
INT-World Cup,2022,England,Kalvin Phillips,England,"DF,MF",26,1. Manchester City,1995,2,0,42,0.5,0,1,1,0,0,0,0,0,0.0,2.14,2.14,0.0,2.14
INT-World Cup,2022,England,Kieran Trippier,England,DF,31,1. Newcastle,1990,3,2,206,2.3,0,0,0,0,0,0,0,0,0.0,0.0,0.0,0.0,0.0
INT-World Cup,2022,England,Kyle Walker,England,DF,32,1. Manchester City,1990,3,3,236,2.6,0,0,0,0,0,0,0,0,0.0,0.0,0.0,0.0,0.0
INT-World Cup,2022,England,Luke Shaw,England,DF,26,1. Manchester Utd,1995,5,5,424,4.7,0,1,1,0,0,0,0,0,0.0,0.21,0.21,0.0,0.21
INT-World Cup,2022,England,Marcus Rashford,England,MF,24,1. Manchester Utd,1997,5,1,140,1.6,3,0,3,3,0,0,0,0,1.93,0.0,1.93,1.93,1.93
INT-World Cup,2022,England,Mason Mount,England,MF,23,1. Chelsea,1999,4,2,186,2.1,0,0,0,0,0,0,0,0,0.0,0.0,0.0,0.0,0.0
INT-World Cup,2022,England,Phil Foden,England,"FW,MF",22,1. Manchester City,2000,4,3,258,2.9,1,2,3,1,0,0,0,0,0.35,0.7,1.05,0.35,1.05
INT-World Cup,2022,England,Raheem Sterling,England,"MF,FW",27,1. Chelsea,1994,3,2,149,1.7,1,1,2,1,0,0,0,0,0.6,0.6,1.21,0.6,1.21
INT-World Cup,2022,England,Trent Alexander-Arnold,England,"DF,MF",23,1. Liverpool,1998,1,0,34,0.4,0,0,0,0,0,0,0,0,0.0,0.0,0.0,0.0,0.0
INT-World Cup,2022,France,Adrien Rabiot,France,MF,27,1. Juventus,1995,6,5,483,5.4,1,1,2,1,0,0,1,0,0.19,0.19,0.37,0.19,0.37
INT-World Cup,2022,France,Antoine Griezmann,France,MF,31,1. Atlético Madrid,1991,7,6,537,6.0,0,3,3,0,0,0,1,0,0.0,0.5,0.5,0.0,0.5
INT-World Cup,2022,France,Aurélien Tchouaméni,France,MF,22,1. Real Madrid,2000,7,7,621,6.9,1,0,1,1,0,0,1,0,0.14,0.0,0.14,0.14,0.14
INT-World Cup,2022,France,Axel Disasi,France,DF,24,1. Monaco,1998,3,1,92,1.0,0,0,0,0,0,0,0,0,0.0,0.0,0.0,0.0,0.0
INT-World Cup,2022,France,Benjamin Pavard,France,DF,26,1. Bayern Munich,1996,1,1,88,1.0,0,0,0,0,0,0,0,0,0.0,0.0,0.0,0.0,0.0
INT-World Cup,2022,France,Dayot Upamecano,France,DF,23,1. Bayern Munich,1998,5,5,480,5.3,0,0,0,0,0,0,0,0,0.0,0.0,0.0,0.0,0.0
INT-World Cup,2022,France,Eduardo Camavinga,France,DF,19,1. Real Madrid,2002,2,1,140,1.6,0,0,0,0,0,0,0,0,0.0,0.0,0.0,0.0,0.0
INT-World Cup,2022,France,Hugo Lloris,France,GK,35,1. Tottenham,1986,6,6,570,6.3,0,0,0,0,0,0,0,0,0.0,0.0,0.0,0.0,0.0
INT-World Cup,2022,France,Ibrahima Konaté,France,DF,23,1. Liverpool,1999,5,3,294,3.3,0,0,0,0,0,0,0,0,0.0,0.0,0.0,0.0,0.0
INT-World Cup,2022,France,Jordan Veretout,France,MF,29,1. Marseille,1993,1,1,62,0.7,0,0,0,0,0,0,0,0,0.0,0.0,0.0,0.0,0.0
INT-World Cup,2022,France,Jules Koundé,France,DF,23,1. Barcelona,1998,6,5,480,5.3,0,0,0,0,0,0,1,0,0.0,0.0,0.0,0.0,0.0
INT-World Cup,2022,France,Kingsley Coman,France,FW,26,1. Bayern Munich,1996,6,1,169,1.9,0,0,0,0,0,0,0,0,0.0,0.0,0.0,0.0,0.0
INT-World Cup,2022,France,Kylian Mbappé,France,"MF,FW",23,1. PSG,1998,7,6,598,6.6,8,2,10,6,2,2,0,0,1.2,0.3,1.51,0.9,1.2
INT-World Cup,2022,France,Lucas Hernández,France,DF,26,1. Bayern Munich,1996,1,1,12,0.1,0,0,0,0,0,0,0,0,0.0,0.0,0.0,0.0,0.0
INT-World Cup,2022,France,Marcus Thuram,France,"FW,MF",24,1. Gladbach,1997,5,0,151,1.7,0,2,2,0,0,0,1,0,0.0,1.19,1.19,0.0,1.19
INT-World Cup,2022,France,Mattéo Guendouzi,France,FW,23,1. Marseille,1999,1,1,78,0.9,0,0,0,0,0,0,0,0,0.0,0.0,0.0,0.0,0.0
INT-World Cup,2022,France,Olivier Giroud,France,FW,35,1. Milan,1986,6,6,419,4.7,4,0,4,4,0,0,1,0,0.86,0.0,0.86,0.86,0.86
INT-World Cup,2022,France,Ousmane Dembélé,France,"MF,FW",25,1. Barcelona,1997,7,6,433,4.8,0,2,2,0,0,0,1,0,0.0,0.42,0.42,0.0,0.42
INT-World Cup,2022,France,Randal Kolo Muani,France,FW,23,1. Frankfurt,1998,3,1,182,2.0,1,0,1,1,0,0,0,0,0.49,0.0,0.49,0.49,0.49
INT-World Cup,2022,France,Raphaël Varane,France,DF,29,1. Manchester Utd,1993,6,6,518,5.8,0,0,0,0,0,0,0,0,0.0,0.0,0.0,0.0,0.0
INT-World Cup,2022,France,Steve Mandanda,France,GK,37,1. Rennes,1985,1,1,90,1.0,0,0,0,0,0,0,0,0,0.0,0.0,0.0,0.0,0.0
INT-World Cup,2022,France,Theo Hernández,France,DF,24,1. Milan,1997,6,5,508,5.6,1,2,3,1,0,0,1,0,0.18,0.35,0.53,0.18,0.53
INT-World Cup,2022,France,William Saliba,France,DF,21,1. Arsenal,2001,1,0,28,0.3,0,0,0,0,0,0,0,0,0.0,0.0,0.0,0.0,0.0
INT-World Cup,2022,France,Youssouf Fofana,France,MF,23,1. Monaco,1999,6,2,227,2.5,0,0,0,0,0,0,0,0,0.0,0.0,0.0,0.0,0.0
INT-World Cup,2022,Germany,Antonio Rüdiger,Germany,DF,29,1. Real Madrid,1993,3,3,270,3.0,0,0,0,0,0,0,0,0,0.0,0.0,0.0,0.0,0.0
INT-World Cup,2022,Germany,David Raum,Germany,DF,24,1. RB Leipzig,1998,3,3,242,2.7,0,1,1,0,0,0,0,0,0.0,0.37,0.37,0.0,0.37
INT-World Cup,2022,Germany,Jamal Musiala,Germany,MF,19,1. Bayern Munich,2003,3,3,258,2.9,0,1,1,0,0,0,0,0,0.0,0.35,0.35,0.0,0.35
INT-World Cup,2022,Germany,Jonas Hofmann,Germany,MF,29,1. Gladbach,1992,2,0,30,0.3,0,0,0,0,0,0,0,0,0.0,0.0,0.0,0.0,0.0
INT-World Cup,2022,Germany,Joshua Kimmich,Germany,"MF,DF",27,1. Bayern Munich,1995,3,3,270,3.0,0,0,0,0,0,0,1,0,0.0,0.0,0.0,0.0,0.0
INT-World Cup,2022,Germany,Kai Havertz,Germany,FW,23,1. Chelsea,1999,2,1,102,1.1,2,0,2,2,0,0,0,0,1.76,0.0,1.76,1.76,1.76
INT-World Cup,2022,Germany,Leon Goretzka,Germany,MF,27,1. Bayern Munich,1995,3,2,159,1.8,0,0,0,0,0,0,1,0,0.0,0.0,0.0,0.0,0.0
INT-World Cup,2022,Germany,Leroy Sané,Germany,MF,26,1. Bayern Munich,1996,2,1,111,1.2,0,1,1,0,0,0,0,0,0.0,0.81,0.81,0.0,0.81
INT-World Cup,2022,Germany,Lukas Klostermann,Germany,"DF,MF",26,1. RB Leipzig,1996,2,0,66,0.7,0,0,0,0,0,0,0,0,0.0,0.0,0.0,0.0,0.0
INT-World Cup,2022,Germany,Manuel Neuer,Germany,GK,36,1. Bayern Munich,1986,3,3,270,3.0,0,0,0,0,0,0,0,0,0.0,0.0,0.0,0.0,0.0
INT-World Cup,2022,Germany,Mario Götze,Germany,"FW,MF",30,1. Frankfurt,1992,2,0,36,0.4,0,0,0,0,0,0,0,0,0.0,0.0,0.0,0.0,0.0
INT-World Cup,2022,Germany,Matthias Ginter,Germany,"DF,MF",28,1. Freiburg,1994,1,0,1,0.0,0,0,0,0,0,0,0,0,0.0,0.0,0.0,0.0,0.0
INT-World Cup,2022,Germany,Niclas Füllkrug,Germany,FW,29,1. Werder Bremen,1993,3,0,69,0.8,2,1,3,2,0,0,0,0,2.61,1.3,3.91,2.61,3.91
INT-World Cup,2022,Germany,Nico Schlotterbeck,Germany,DF,22,1. Dortmund,1999,2,1,94,1.0,0,0,0,0,0,0,0,0,0.0,0.0,0.0,0.0,0.0
INT-World Cup,2022,Germany,Niklas Süle,Germany,DF,26,1. Dortmund,1995,3,3,269,3.0,0,0,0,0,0,0,0,0,0.0,0.0,0.0,0.0,0.0
INT-World Cup,2022,Germany,Serge Gnabry,Germany,MF,26,1. Bayern Munich,1995,3,3,263,2.9,1,1,2,1,0,0,0,0,0.34,0.34,0.68,0.34,0.68
INT-World Cup,2022,Germany,Thilo Kehrer,Germany,DF,25,1. West Ham,1996,1,1,69,0.8,0,0,0,0,0,0,1,0,0.0,0.0,0.0,0.0,0.0
INT-World Cup,2022,Germany,Thomas Müller,Germany,"FW,MF",32,1. Bayern Munich,1989,3,3,201,2.2,0,0,0,0,0,0,0,0,0.0,0.0,0.0,0.0,0.0
INT-World Cup,2022,Germany,Youssoufa Moukoko,Germany,FW,17,1. Dortmund,2004,1,0,1,0.0,0,0,0,0,0,0,0,0,0.0,0.0,0.0,0.0,0.0
INT-World Cup,2022,Germany,İlkay Gündoğan,Germany,MF,31,1. Manchester City,1990,3,3,189,2.1,1,0,1,0,1,1,0,0,0.48,0.0,0.48,0.0,0.0
INT-World Cup,2022,Ghana,Abdul Fatawu Issahaku,Ghana,"FW,MF",18,1. Sporting CP,2004,1,0,1,0.0,0,0,0,0,0,0,0,0,0.0,0.0,0.0,0.0,0.0
INT-World Cup,2022,Ghana,Abdul Rahman Baba,Ghana,"MF,DF",27,2. Reading,1994,3,2,183,2.0,0,0,0,0,0,0,0,0,0.0,0.0,0.0,0.0,0.0
INT-World Cup,2022,Ghana,Alexander Djiku,Ghana,DF,27,1. Strasbourg,1994,2,1,97,1.1,0,0,0,0,0,0,0,0,0.0,0.0,0.0,0.0,0.0
INT-World Cup,2022,Ghana,Alidu Seidu,Ghana,"MF,DF",22,1. Clermont Foot,2000,2,2,155,1.7,0,0,0,0,0,0,2,0,0.0,0.0,0.0,0.0,0.0
INT-World Cup,2022,Ghana,André Ayew,Ghana,"MF,FW",32,1. Al Sadd,1989,3,3,198,2.2,1,0,1,1,0,1,1,0,0.45,0.0,0.45,0.45,0.45
INT-World Cup,2022,Ghana,Antoine Semenyo,Ghana,"FW,MF",22,2. Bristol City,2000,2,0,20,0.2,0,0,0,0,0,0,0,0,0.0,0.0,0.0,0.0,0.0
INT-World Cup,2022,Ghana,Daniel Amartey,Ghana,DF,27,1. Leicester City,1994,3,3,251,2.8,0,0,0,0,0,0,2,0,0.0,0.0,0.0,0.0,0.0
INT-World Cup,2022,Ghana,Daniel Kyereh,Ghana,"FW,MF",26,1. Freiburg,1996,3,0,33,0.4,0,0,0,0,0,0,0,0,0.0,0.0,0.0,0.0,0.0
INT-World Cup,2022,Ghana,Denis Odoi,Ghana,"DF,MF",34,1. Club Brugge,1988,1,0,13,0.1,0,0,0,0,0,0,0,0,0.0,0.0,0.0,0.0,0.0
INT-World Cup,2022,Ghana,Gideon Mensah,Ghana,DF,23,1. Auxerre,1998,1,1,87,1.0,0,1,1,0,0,0,0,0,0.0,1.03,1.03,0.0,1.03
INT-World Cup,2022,Ghana,Iñaki Williams,Ghana,"FW,MF",27,1. Athletic Club,1994,3,3,270,3.0,0,0,0,0,0,0,0,0,0.0,0.0,0.0,0.0,0.0
INT-World Cup,2022,Ghana,Jordan Ayew,Ghana,MF,30,1. Crystal Palace,1991,3,2,136,1.5,0,1,1,0,0,0,0,0,0.0,0.66,0.66,0.0,0.66
INT-World Cup,2022,Ghana,Kamaldeen Sulemana,Ghana,"FW,MF",20,1. Rennes,2002,2,0,58,0.6,0,0,0,0,0,0,1,0,0.0,0.0,0.0,0.0,0.0
INT-World Cup,2022,Ghana,Lawrence Ati-Zigi,Ghana,GK,25,1. St. Gallen,1996,3,3,270,3.0,0,0,0,0,0,0,0,0,0.0,0.0,0.0,0.0,0.0
INT-World Cup,2022,Ghana,Mohammed Kudus,Ghana,"MF,FW",21,1. Ajax,2000,3,3,247,2.7,2,0,2,2,0,0,1,0,0.73,0.0,0.73,0.73,0.73
INT-World Cup,2022,Ghana,Mohammed Salisu,Ghana,DF,23,1. Southampton,1999,3,3,270,3.0,1,0,1,1,0,0,0,0,0.33,0.0,0.33,0.33,0.33
INT-World Cup,2022,Ghana,Osman Bukari,Ghana,"FW,MF",23,1. Red Star,1998,2,0,59,0.7,1,0,1,1,0,0,0,0,1.53,0.0,1.53,1.53,1.53
INT-World Cup,2022,Ghana,Salis Abdul Samed,Ghana,MF,22,1. Lens,2000,3,3,250,2.8,0,0,0,0,0,0,0,0,0.0,0.0,0.0,0.0,0.0
INT-World Cup,2022,Ghana,Tariq Lamptey,Ghana,DF,21,1. Brighton,2000,2,1,102,1.1,0,0,0,0,0,0,1,0,0.0,0.0,0.0,0.0,0.0
INT-World Cup,2022,Ghana,Thomas Partey,Ghana,MF,29,1. Arsenal,1993,3,3,270,3.0,0,0,0,0,0,0,0,0,0.0,0.0,0.0,0.0,0.0
INT-World Cup,2022,IR Iran,Abolfazl Jalali,IR Iran,DF,23,1. Esteghlal,1998,1,0,19,0.2,0,0,0,0,0,0,1,0,0.0,0.0,0.0,0.0,0.0
INT-World Cup,2022,IR Iran,Ahmad Nourollahi,IR Iran,MF,29,1. Al-Ahli Dubai FC,1993,3,3,223,2.5,0,0,0,0,0,0,0,0,0.0,0.0,0.0,0.0,0.0
INT-World Cup,2022,IR Iran,Ali Gholizadeh,IR Iran,"MF,FW",26,1. Charleroi,1996,3,2,199,2.2,0,1,1,0,0,0,0,0,0.0,0.45,0.45,0.0,0.45
INT-World Cup,2022,IR Iran,Ali Karimi,IR Iran,MF,28,1. Kayserispor,1994,3,1,99,1.1,0,0,0,0,0,0,0,0,0.0,0.0,0.0,0.0,0.0
INT-World Cup,2022,IR Iran,Alireza Beiranvand,IR Iran,GK,29,1. Persepolis,1992,2,2,109,1.2,0,0,0,0,0,0,0,0,0.0,0.0,0.0,0.0,0.0
INT-World Cup,2022,IR Iran,Alireza Jahanbakhsh,IR Iran,MF,28,1. Feyenoord,1993,2,1,59,0.7,0,0,0,0,0,0,2,0,0.0,0.0,0.0,0.0,0.0
INT-World Cup,2022,IR Iran,Ehsan Hajsafi,IR Iran,MF,32,1. AEK Athens,1990,3,3,237,2.6,0,0,0,0,0,0,0,0,0.0,0.0,0.0,0.0,0.0
INT-World Cup,2022,IR Iran,Hossein Hosseini,IR Iran,GK,29,1. Esteghlal,1992,2,1,161,1.8,0,0,0,0,0,0,0,0,0.0,0.0,0.0,0.0,0.0
INT-World Cup,2022,IR Iran,Hossein Kanaanizadegan,IR Iran,DF,28,1. Al Ahli SC,1994,1,0,45,0.5,0,0,0,0,0,0,1,0,0.0,0.0,0.0,0.0,0.0
INT-World Cup,2022,IR Iran,Karim Ansarifard,IR Iran,FW,32,1. AC Omonia,1990,2,0,35,0.4,0,0,0,0,0,0,0,0,0.0,0.0,0.0,0.0,0.0
INT-World Cup,2022,IR Iran,Majid Hosseini,IR Iran,DF,25,1. Kayserispor,1996,3,3,270,3.0,0,0,0,0,0,0,1,0,0.0,0.0,0.0,0.0,0.0
INT-World Cup,2022,IR Iran,Mehdi Taremi,IR Iran,"FW,MF",29,1. Porto,1992,3,3,270,3.0,2,1,3,1,1,1,0,0,0.67,0.33,1.0,0.33,0.67
INT-World Cup,2022,IR Iran,Mehdi Torabi,IR Iran,MF,27,1. Persepolis,1994,3,0,62,0.7,0,0,0,0,0,0,0,0,0.0,0.0,0.0,0.0,0.0
INT-World Cup,2022,IR Iran,Milad Mohammadi,IR Iran,DF,28,1. AEK Athens,1993,3,3,196,2.2,0,0,0,0,0,0,0,0,0.0,0.0,0.0,0.0,0.0
INT-World Cup,2022,IR Iran,Morteza Pouraliganji,IR Iran,DF,30,1. Persepolis,1992,3,3,270,3.0,0,0,0,0,0,0,1,0,0.0,0.0,0.0,0.0,0.0
INT-World Cup,2022,IR Iran,Ramin Rezaeian,IR Iran,DF,32,1. Sepahan,1990,2,2,180,2.0,1,0,1,1,0,0,1,0,0.5,0.0,0.5,0.5,0.5
INT-World Cup,2022,IR Iran,Rouzbeh Cheshmi,IR Iran,DF,28,1. Esteghlal,1993,2,1,58,0.6,1,0,1,1,0,0,0,0,1.55,0.0,1.55,1.55,1.55
INT-World Cup,2022,IR Iran,Sadegh Moharrami,IR Iran,DF,26,1. Dinamo Zagreb,1996,1,1,90,1.0,0,0,0,0,0,0,0,0,0.0,0.0,0.0,0.0,0.0
INT-World Cup,2022,IR Iran,Saeid Ezatolahi,IR Iran,MF,25,2. Vejle BK,1996,3,2,217,2.4,0,0,0,0,0,0,0,0,0.0,0.0,0.0,0.0,0.0
INT-World Cup,2022,IR Iran,Saman Ghoddos,IR Iran,"FW,MF",28,1. Brentford,1993,1,0,45,0.5,0,0,0,0,0,0,0,0,0.0,0.0,0.0,0.0,0.0
INT-World Cup,2022,IR Iran,Sardar Azmoun,IR Iran,FW,27,1. Leverkusen,1995,3,2,126,1.4,0,0,0,0,0,0,0,0,0.0,0.0,0.0,0.0,0.0
INT-World Cup,2022,Japan,Ao Tanaka,Japan,MF,23,2. Düsseldorf,1998,3,2,171,1.9,1,0,1,1,0,0,0,0,0.53,0.0,0.53,0.53,0.53
INT-World Cup,2022,Japan,Ayase Ueda,Japan,FW,23,1. Cercle Brugge,1998,1,1,45,0.5,0,0,0,0,0,0,0,0,0.0,0.0,0.0,0.0,0.0
INT-World Cup,2022,Japan,Daichi Kamada,Japan,"MF,FW",25,1. Frankfurt,1996,4,4,322,3.6,0,0,0,0,0,0,0,0,0.0,0.0,0.0,0.0,0.0
INT-World Cup,2022,Japan,Daizen Maeda,Japan,FW,24,1. Celtic,1997,3,3,180,2.0,1,0,1,1,0,0,0,0,0.5,0.0,0.5,0.5,0.5
INT-World Cup,2022,Japan,Hidemasa Morita,Japan,MF,27,1. Sporting CP,1995,3,3,285,3.2,0,0,0,0,0,0,0,0,0.0,0.0,0.0,0.0,0.0
INT-World Cup,2022,Japan,Hiroki Ito,Japan,DF,23,1. Stuttgart,1999,1,0,45,0.5,0,0,0,0,0,0,0,0,0.0,0.0,0.0,0.0,0.0
INT-World Cup,2022,Japan,Hiroki Sakai,Japan,DF,32,1. Urawa Reds,1990,2,1,119,1.3,0,0,0,0,0,0,0,0,0.0,0.0,0.0,0.0,0.0
INT-World Cup,2022,Japan,Junya Itō,Japan,MF,29,1. Reims,1993,4,3,324,3.6,0,1,1,0,0,0,0,0,0.0,0.28,0.28,0.0,0.28
INT-World Cup,2022,Japan,Kaoru Mitoma,Japan,"FW,MF",25,1. Brighton,1997,4,0,165,1.8,0,1,1,0,0,0,0,0,0.0,0.55,0.55,0.0,0.55
INT-World Cup,2022,Japan,Ko Itakura,Japan,DF,25,1. Gladbach,1997,3,3,270,3.0,0,1,1,0,0,0,2,0,0.0,0.33,0.33,0.0,0.33
INT-World Cup,2022,Japan,Maya Yoshida,Japan,DF,33,1. Schalke 04,1988,4,4,390,4.3,0,1,1,0,0,0,1,0,0.0,0.23,0.23,0.0,0.23
INT-World Cup,2022,Japan,Miki Yamane,Japan,DF,28,1. Kawasaki F.,1993,1,1,61,0.7,0,0,0,0,0,0,1,0,0.0,0.0,0.0,0.0,0.0
INT-World Cup,2022,Japan,Ritsu Doan,Japan,"MF,FW",23,1. Freiburg,1998,4,2,217,2.4,2,0,2,2,0,0,0,0,0.83,0.0,0.83,0.83,0.83
INT-World Cup,2022,Japan,Shogo Taniguchi,Japan,DF,30,1. Kawasaki F.,1991,2,2,210,2.3,0,0,0,0,0,0,1,0,0.0,0.0,0.0,0.0,0.0
INT-World Cup,2022,Japan,Shūichi Gonda,Japan,GK,33,1. Shimizu S-Pulse,1989,4,4,390,4.3,0,0,0,0,0,0,0,0,0.0,0.0,0.0,0.0,0.0
INT-World Cup,2022,Japan,Takefusa Kubo,Japan,"MF,FW",21,1. Real Sociedad,2001,2,2,90,1.0,0,0,0,0,0,0,0,0,0.0,0.0,0.0,0.0,0.0
INT-World Cup,2022,Japan,Takehiro Tomiyasu,Japan,DF,23,1. Arsenal,1998,3,1,187,2.1,0,0,0,0,0,0,0,0,0.0,0.0,0.0,0.0,0.0
INT-World Cup,2022,Japan,Takuma Asano,Japan,"FW,MF",27,1. Bochum,1994,4,0,165,1.8,1,0,1,1,0,0,0,0,0.55,0.0,0.55,0.55,0.55
INT-World Cup,2022,Japan,Takumi Minamino,Japan,"FW,MF",27,1. Monaco,1995,3,0,60,0.7,0,0,0,0,0,0,0,0,0.0,0.0,0.0,0.0,0.0
INT-World Cup,2022,Japan,Wataru Endo,Japan,MF,29,1. Stuttgart,1993,4,3,304,3.4,0,0,0,0,0,0,1,0,0.0,0.0,0.0,0.0,0.0
INT-World Cup,2022,Japan,Yuki Soma,Japan,MF,25,1. Grampus,1997,1,1,81,0.9,0,0,0,0,0,0,0,0,0.0,0.0,0.0,0.0,0.0
INT-World Cup,2022,Japan,Yūto Nagatomo,Japan,"MF,DF",35,1. FC Tokyo,1986,4,4,209,2.3,0,0,0,0,0,0,0,0,0.0,0.0,0.0,0.0,0.0
INT-World Cup,2022,Korea Republic,Cho Gue-sung,Korea Republic,FW,24,1. Jeonbuk,1998,4,3,275,3.1,2,0,2,2,0,0,1,0,0.65,0.0,0.65,0.65,0.65
INT-World Cup,2022,Korea Republic,Cho Yu-min,Korea Republic,DF,25,2. Daejeon Hana,1996,1,0,1,0.0,0,0,0,0,0,0,0,0,0.0,0.0,0.0,0.0,0.0
INT-World Cup,2022,Korea Republic,Hong Chul,Korea Republic,"DF,MF",31,1. Daegu FC,1990,1,0,45,0.5,0,0,0,0,0,0,0,0,0.0,0.0,0.0,0.0,0.0
INT-World Cup,2022,Korea Republic,Hwang Hee-chan,Korea Republic,MF,26,1. Wolves,1996,2,1,115,1.3,1,0,1,1,0,0,1,0,0.78,0.0,0.78,0.78,0.78
INT-World Cup,2022,Korea Republic,Hwang In-beom,Korea Republic,MF,25,1. Olympiacos,1996,4,4,334,3.7,0,0,0,0,0,0,0,0,0.0,0.0,0.0,0.0,0.0
INT-World Cup,2022,Korea Republic,Hwang Ui-jo,Korea Republic,FW,29,1. Olympiacos,1992,4,1,106,1.2,0,0,0,0,0,0,0,0,0.0,0.0,0.0,0.0,0.0
INT-World Cup,2022,Korea Republic,Jeong Woo-yeong,Korea Republic,MF,22,1. Freiburg,1999,1,1,45,0.5,0,0,0,0,0,0,0,0,0.0,0.0,0.0,0.0,0.0
INT-World Cup,2022,Korea Republic,Jung Woo-young,Korea Republic,MF,32,1. Al Sadd,1989,4,4,303,3.4,0,0,0,0,0,0,2,0,0.0,0.0,0.0,0.0,0.0
INT-World Cup,2022,Korea Republic,Kim Jin-su,Korea Republic,DF,30,1. Jeonbuk,1992,4,4,315,3.5,0,1,1,0,0,0,0,0,0.0,0.29,0.29,0.0,0.29
INT-World Cup,2022,Korea Republic,Kim Min-jae,Korea Republic,DF,25,1. Napoli,1996,3,3,269,3.0,0,0,0,0,0,0,0,0,0.0,0.0,0.0,0.0,0.0
INT-World Cup,2022,Korea Republic,Kim Moon-hwan,Korea Republic,DF,26,1. Jeonbuk,1995,4,4,360,4.0,0,0,0,0,0,0,0,0,0.0,0.0,0.0,0.0,0.0
INT-World Cup,2022,Korea Republic,Kim Seung-gyu,Korea Republic,GK,31,1. Al-Shabab,1990,4,4,360,4.0,0,0,0,0,0,0,0,0,0.0,0.0,0.0,0.0,0.0
INT-World Cup,2022,Korea Republic,Kim Young-gwon,Korea Republic,DF,32,1. Ulsan Hyundai,1990,4,4,350,3.9,1,0,1,1,0,0,1,0,0.26,0.0,0.26,0.26,0.26
INT-World Cup,2022,Korea Republic,Kwon Chang-hoon,Korea Republic,MF,27,1. Sangmu,1994,1,1,56,0.6,0,0,0,0,0,0,0,0,0.0,0.0,0.0,0.0,0.0
INT-World Cup,2022,Korea Republic,Kwon Kyung-won,Korea Republic,DF,30,1. Gamba Osaka,1992,2,1,91,1.0,0,0,0,0,0,0,0,0,0.0,0.0,0.0,0.0,0.0
INT-World Cup,2022,Korea Republic,Lee Jae-sung,Korea Republic,"MF,FW",29,1. Mainz 05,1992,3,3,211,2.3,0,0,0,0,0,0,0,0,0.0,0.0,0.0,0.0,0.0
INT-World Cup,2022,Korea Republic,Lee Kang-in,Korea Republic,MF,21,1. Mallorca,2001,4,1,147,1.6,0,1,1,0,0,0,1,0,0.0,0.61,0.61,0.0,0.61
INT-World Cup,2022,Korea Republic,Na Sang-ho,Korea Republic,MF,25,1. FC Seoul,1996,2,1,119,1.3,0,0,0,0,0,0,0,0,0.0,0.0,0.0,0.0,0.0
INT-World Cup,2022,Korea Republic,Paik Seung-ho,Korea Republic,MF,25,1. Jeonbuk,1997,1,0,26,0.3,1,0,1,1,0,0,0,0,3.46,0.0,3.46,3.46,3.46
INT-World Cup,2022,Korea Republic,Son Heung-min,Korea Republic,"MF,FW",29,1. Tottenham,1992,4,4,360,4.0,0,1,1,0,0,0,0,0,0.0,0.25,0.25,0.0,0.25
INT-World Cup,2022,Korea Republic,Son Jun-ho,Korea Republic,MF,30,1. SD Taishan,1992,3,0,72,0.8,0,0,0,0,0,0,0,0,0.0,0.0,0.0,0.0,0.0
INT-World Cup,2022,Mexico,Alexis Vega,Mexico,"FW,MF",24,1. Guadalajara,1997,3,3,193,2.1,0,0,0,0,0,0,0,0,0.0,0.0,0.0,0.0,0.0
INT-World Cup,2022,Mexico,Andrés Guardado,Mexico,MF,35,1. Real Betis,1986,1,1,41,0.5,0,0,0,0,0,0,0,0,0.0,0.0,0.0,0.0,0.0
INT-World Cup,2022,Mexico,Charly Rodríguez,Mexico,MF,25,1. Cruz Azul,1997,2,0,34,0.4,0,0,0,0,0,0,0,0,0.0,0.0,0.0,0.0,0.0
INT-World Cup,2022,Mexico,César Montes,Mexico,DF,25,1. Monterrey,1997,3,3,270,3.0,0,1,1,0,0,0,0,0,0.0,0.33,0.33,0.0,0.33
INT-World Cup,2022,Mexico,Edson Álvarez,Mexico,MF,24,1. Ajax,1997,2,2,175,1.9,0,0,0,0,0,0,1,0,0.0,0.0,0.0,0.0,0.0
INT-World Cup,2022,Mexico,Erick Gutiérrez,Mexico,MF,26,1. PSV,1995,1,0,49,0.5,0,0,0,0,0,0,1,0,0.0,0.0,0.0,0.0,0.0
INT-World Cup,2022,Mexico,Guillermo Ochoa,Mexico,GK,36,1. América,1985,3,3,270,3.0,0,0,0,0,0,0,0,0,0.0,0.0,0.0,0.0,0.0
INT-World Cup,2022,Mexico,Henry Martín,Mexico,FW,29,1. América,1992,2,2,146,1.6,1,0,1,1,0,0,0,0,0.62,0.0,0.62,0.62,0.62
INT-World Cup,2022,Mexico,Hirving Lozano,Mexico,"FW,MF",26,1. Napoli,1995,3,3,252,2.8,0,0,0,0,0,0,0,0,0.0,0.0,0.0,0.0,0.0
INT-World Cup,2022,Mexico,Héctor Herrera,Mexico,MF,32,1. Houston,1990,2,2,160,1.8,0,0,0,0,0,0,1,0,0.0,0.0,0.0,0.0,0.0
INT-World Cup,2022,Mexico,Héctor Moreno,Mexico,DF,34,1. Monterrey,1988,3,3,270,3.0,0,0,0,0,0,0,1,0,0.0,0.0,0.0,0.0,0.0
INT-World Cup,2022,Mexico,Jesús Gallardo,Mexico,DF,27,1. Monterrey,1994,3,3,270,3.0,0,0,0,0,0,0,0,0,0.0,0.0,0.0,0.0,0.0
INT-World Cup,2022,Mexico,Jorge Sánchez,Mexico,DF,24,1. Ajax,1997,2,2,175,1.9,0,0,0,0,0,0,1,0,0.0,0.0,0.0,0.0,0.0
INT-World Cup,2022,Mexico,Kevin Álvarez,Mexico,DF,23,1. Pachuca,1999,2,1,70,0.8,0,0,0,0,0,0,0,0,0.0,0.0,0.0,0.0,0.0
INT-World Cup,2022,Mexico,Luis Chávez,Mexico,MF,26,1. Pachuca,1996,3,3,270,3.0,1,0,1,1,0,0,0,0,0.33,0.0,0.33,0.33,0.33
INT-World Cup,2022,Mexico,Néstor Araujo,Mexico,DF,30,1. América,1991,1,1,90,1.0,0,0,0,0,0,0,1,0,0.0,0.0,0.0,0.0,0.0
INT-World Cup,2022,Mexico,Orbelín Pineda,Mexico,MF,26,1. AEK Athens,1996,1,1,76,0.8,0,0,0,0,0,0,0,0,0.0,0.0,0.0,0.0,0.0
INT-World Cup,2022,Mexico,Raúl Jiménez,Mexico,FW,31,1. Wolves,1991,3,0,59,0.7,0,0,0,0,0,0,0,0,0.0,0.0,0.0,0.0,0.0
INT-World Cup,2022,Mexico,Roberto Alvarado,Mexico,"FW,MF",23,1. Guadalajara,1998,1,0,18,0.2,0,0,0,0,0,0,1,0,0.0,0.0,0.0,0.0,0.0
INT-World Cup,2022,Mexico,Rogelio Funes Mori,Mexico,FW,31,1. Monterrey,1991,1,0,5,0.1,0,0,0,0,0,0,0,0,0.0,0.0,0.0,0.0,0.0
INT-World Cup,2022,Mexico,Uriel Antuna,Mexico,"FW,MF",24,1. Cruz Azul,1997,3,0,77,0.9,0,0,0,0,0,0,0,0,0.0,0.0,0.0,0.0,0.0
INT-World Cup,2022,Morocco,Abde Ezzalzouli,Morocco,"FW,MF",20,1. Osasuna,2001,3,0,93,1.0,0,0,0,0,0,0,0,0,0.0,0.0,0.0,0.0,0.0
INT-World Cup,2022,Morocco,Abdelhamid Sabiri,Morocco,MF,25,1. Sampdoria,1996,5,2,181,2.0,0,1,1,0,0,0,1,0,0.0,0.5,0.5,0.0,0.5
INT-World Cup,2022,Morocco,Abderrazak Hamdallah,Morocco,FW,31,1. Al-Ittihad,1990,4,0,68,0.8,0,0,0,0,0,0,0,0,0.0,0.0,0.0,0.0,0.0
INT-World Cup,2022,Morocco,Achraf Dari,Morocco,DF,23,1. Brest,1999,3,2,187,2.1,1,0,1,1,0,0,1,0,0.48,0.0,0.48,0.48,0.48
INT-World Cup,2022,Morocco,Achraf Hakimi,Morocco,DF,23,1. PSG,1998,7,7,631,7.0,0,1,1,0,0,0,0,0,0.0,0.14,0.14,0.0,0.14
INT-World Cup,2022,Morocco,Anass Zaroury,Morocco,"FW,MF",21,2. Burnley,2000,1,0,27,0.3,0,0,0,0,0,0,0,0,0.0,0.0,0.0,0.0,0.0
INT-World Cup,2022,Morocco,Azzedine Ounahi,Morocco,MF,22,1. Angers,2000,7,6,568,6.3,0,0,0,0,0,0,1,0,0.0,0.0,0.0,0.0,0.0
INT-World Cup,2022,Morocco,Badr Banoun,Morocco,DF,28,1. Qatar SC,1993,3,0,54,0.6,0,0,0,0,0,0,0,0,0.0,0.0,0.0,0.0,0.0
INT-World Cup,2022,Morocco,Bilal El Khannouss,Morocco,MF,18,1. Genk,2004,1,1,55,0.6,0,0,0,0,0,0,0,0,0.0,0.0,0.0,0.0,0.0
INT-World Cup,2022,Morocco,Hakim Ziyech,Morocco,"FW,MF",29,1. Chelsea,1993,7,7,635,7.1,1,1,2,1,0,0,0,0,0.14,0.14,0.28,0.14,0.28
INT-World Cup,2022,Morocco,Ilias Chair,Morocco,"FW,MF",24,2. QPR,1997,1,0,45,0.5,0,0,0,0,0,0,0,0,0.0,0.0,0.0,0.0,0.0
INT-World Cup,2022,Morocco,Jawad El Yamiq,Morocco,DF,30,1. Valladolid,1992,6,3,309,3.4,0,0,0,0,0,0,0,0,0.0,0.0,0.0,0.0,0.0
INT-World Cup,2022,Morocco,Munir,Morocco,GK,33,1. Al-Wehda,1989,1,1,90,1.0,0,0,0,0,0,0,0,0,0.0,0.0,0.0,0.0,0.0
INT-World Cup,2022,Morocco,Nayef Aguerd,Morocco,DF,26,1. West Ham,1996,4,4,353,3.9,0,0,0,0,0,0,0,0,0.0,0.0,0.0,0.0,0.0
INT-World Cup,2022,Morocco,Noussair Mazraoui,Morocco,DF,24,1. Bayern Munich,1997,5,5,365,4.1,0,0,0,0,0,0,0,0,0.0,0.0,0.0,0.0,0.0
INT-World Cup,2022,Morocco,Romain Saïss,Morocco,DF,32,1. Beşiktaş,1990,6,6,466,5.2,1,0,1,1,0,0,1,0,0.19,0.0,0.19,0.19,0.19
INT-World Cup,2022,Morocco,Selim Amallah,Morocco,MF,25,1. Standard Liège,1996,7,4,409,4.5,0,0,0,0,0,0,1,0,0.0,0.0,0.0,0.0,0.0
INT-World Cup,2022,Morocco,Sofiane Boufal,Morocco,"FW,MF",28,1. Angers,1993,7,7,475,5.3,0,0,0,0,0,0,1,0,0.0,0.0,0.0,0.0,0.0
INT-World Cup,2022,Morocco,Sofyan Amrabat,Morocco,MF,25,1. Fiorentina,1996,7,7,660,7.3,0,0,0,0,0,0,1,0,0.0,0.0,0.0,0.0,0.0
INT-World Cup,2022,Morocco,Walid Cheddira,Morocco,FW,24,2. Bari,1998,2,0,64,0.7,0,0,0,0,0,0,2,1,0.0,0.0,0.0,0.0,0.0
INT-World Cup,2022,Morocco,Yahya Attiat Allah,Morocco,DF,27,1. Wydad AC,1995,6,2,318,3.5,0,1,1,0,0,0,0,0,0.0,0.28,0.28,0.0,0.28
INT-World Cup,2022,Morocco,Yahya Jabrane,Morocco,MF,30,1. Wydad AC,1991,2,0,15,0.2,0,0,0,0,0,0,0,0,0.0,0.0,0.0,0.0,0.0
INT-World Cup,2022,Morocco,Yassine Bounou,Morocco,GK,31,1. Sevilla,1991,6,6,570,6.3,0,0,0,0,0,0,0,0,0.0,0.0,0.0,0.0,0.0
INT-World Cup,2022,Morocco,Youssef En-Nesyri,Morocco,FW,25,1. Sevilla,1997,7,7,542,6.0,2,0,2,2,0,0,0,0,0.33,0.0,0.33,0.33,0.33
INT-World Cup,2022,Morocco,Zakaria Aboukhlal,Morocco,"FW,MF",22,1. Toulouse,2000,4,0,79,0.9,1,0,1,1,0,0,0,0,1.14,0.0,1.14,1.14,1.14
INT-World Cup,2022,Netherlands,Andries Noppert,Netherlands,GK,28,1. Heerenveen,1994,5,5,480,5.3,0,0,0,0,0,0,0,0,0.0,0.0,0.0,0.0,0.0
INT-World Cup,2022,Netherlands,Cody Gakpo,Netherlands,"FW,MF",23,1. PSV,1999,5,5,450,5.0,3,0,3,3,0,0,0,0,0.6,0.0,0.6,0.6,0.6
INT-World Cup,2022,Netherlands,Daley Blind,Netherlands,MF,32,1. Ajax,1990,5,5,423,4.7,1,1,2,1,0,0,0,0,0.21,0.21,0.43,0.21,0.43
INT-World Cup,2022,Netherlands,Davy Klaassen,Netherlands,MF,29,1. Ajax,1993,4,3,190,2.1,1,2,3,1,0,0,0,0,0.47,0.95,1.42,0.47,1.42
INT-World Cup,2022,Netherlands,Denzel Dumfries,Netherlands,MF,26,1. Inter,1996,5,5,479,5.3,1,2,3,1,0,0,2,1,0.19,0.38,0.56,0.19,0.56
INT-World Cup,2022,Netherlands,Frenkie de Jong,Netherlands,MF,25,1. Barcelona,1997,5,5,475,5.3,1,1,2,1,0,0,1,0,0.19,0.19,0.38,0.19,0.38
INT-World Cup,2022,Netherlands,Jurriën Timber,Netherlands,DF,20,1. Ajax,2001,4,4,390,4.3,0,0,0,0,0,0,1,0,0.0,0.0,0.0,0.0,0.0
INT-World Cup,2022,Netherlands,Kenneth Taylor,Netherlands,MF,20,1. Ajax,2002,1,0,5,0.1,0,0,0,0,0,0,0,0,0.0,0.0,0.0,0.0,0.0
INT-World Cup,2022,Netherlands,Luuk de Jong,Netherlands,FW,31,1. PSV,1990,1,0,57,0.6,0,0,0,0,0,0,0,0,0.0,0.0,0.0,0.0,0.0
INT-World Cup,2022,Netherlands,Marten de Roon,Netherlands,MF,31,1. Atalanta,1991,5,3,184,2.0,0,0,0,0,0,0,0,0,0.0,0.0,0.0,0.0,0.0
INT-World Cup,2022,Netherlands,Matthijs de Ligt,Netherlands,DF,22,1. Bayern Munich,1999,2,1,91,1.0,0,0,0,0,0,0,1,0,0.0,0.0,0.0,0.0,0.0
INT-World Cup,2022,Netherlands,Memphis,Netherlands,FW,28,1. Barcelona,1994,5,3,297,3.3,1,0,1,1,0,0,1,0,0.3,0.0,0.3,0.3,0.3
INT-World Cup,2022,Netherlands,Nathan Aké,Netherlands,DF,27,1. Manchester City,1995,5,5,479,5.3,0,0,0,0,0,0,1,0,0.0,0.0,0.0,0.0,0.0
INT-World Cup,2022,Netherlands,Noa Lang,Netherlands,"FW,MF",22,1. Club Brugge,1999,1,0,8,0.1,0,0,0,0,0,0,1,0,0.0,0.0,0.0,0.0,0.0
INT-World Cup,2022,Netherlands,Steven Berghuis,Netherlands,MF,30,1. Ajax,1991,4,1,200,2.2,0,1,1,0,0,0,1,0,0.0,0.45,0.45,0.0,0.45
INT-World Cup,2022,Netherlands,Steven Bergwijn,Netherlands,FW,24,1. Ajax,1997,4,3,213,2.4,0,0,0,0,0,0,1,0,0.0,0.0,0.0,0.0,0.0
INT-World Cup,2022,Netherlands,Teun Koopmeiners,Netherlands,MF,24,1. Atalanta,1998,5,1,219,2.4,0,1,1,0,0,0,1,0,0.0,0.41,0.41,0.0,0.41
INT-World Cup,2022,Netherlands,Vincent Janssen,Netherlands,FW,27,1. Antwerp,1994,2,1,86,1.0,0,0,0,0,0,0,0,0,0.0,0.0,0.0,0.0,0.0
INT-World Cup,2022,Netherlands,Virgil van Dijk,Netherlands,DF,30,1. Liverpool,1991,5,5,480,5.3,0,0,0,0,0,0,0,0,0.0,0.0,0.0,0.0,0.0
INT-World Cup,2022,Netherlands,Wout Weghorst,Netherlands,FW,29,1. Beşiktaş,1992,4,0,64,0.7,2,0,2,2,0,0,1,0,2.81,0.0,2.81,2.81,2.81
INT-World Cup,2022,Netherlands,Xavi Simons,Netherlands,"FW,MF",19,1. PSV,2003,1,0,9,0.1,0,0,0,0,0,0,0,0,0.0,0.0,0.0,0.0,0.0
INT-World Cup,2022,Poland,Arkadiusz Milik,Poland,FW,28,1. Juventus,1994,3,1,101,1.1,0,0,0,0,0,0,1,0,0.0,0.0,0.0,0.0,0.0
INT-World Cup,2022,Poland,Artur Jędrzejczyk,Poland,DF,34,1. Legia Warsaw,1987,1,0,19,0.2,0,0,0,0,0,0,0,0,0.0,0.0,0.0,0.0,0.0
INT-World Cup,2022,Poland,Bartosz Bereszyński,Poland,DF,29,1. Sampdoria,1992,4,4,341,3.8,0,0,0,0,0,0,1,0,0.0,0.0,0.0,0.0,0.0
INT-World Cup,2022,Poland,Damian Szymański,Poland,MF,26,1. AEK Athens,1995,1,0,29,0.3,0,0,0,0,0,0,0,0,0.0,0.0,0.0,0.0,0.0
INT-World Cup,2022,Poland,Grzegorz Krychowiak,Poland,MF,32,1. Al-Shabab,1990,4,4,332,3.7,0,0,0,0,0,0,1,0,0.0,0.0,0.0,0.0,0.0
INT-World Cup,2022,Poland,Jakub Kamiński,Poland,MF,20,1. Wolfsburg,2002,4,2,233,2.6,0,0,0,0,0,0,0,0,0.0,0.0,0.0,0.0,0.0
INT-World Cup,2022,Poland,Jakub Kiwior,Poland,DF,22,1. Spezia,2000,4,4,355,3.9,0,0,0,0,0,0,1,0,0.0,0.0,0.0,0.0,0.0
INT-World Cup,2022,Poland,Jan Bednarek,Poland,DF,26,1. Aston Villa,1996,1,0,5,0.1,0,0,0,0,0,0,0,0,0.0,0.0,0.0,0.0,0.0
INT-World Cup,2022,Poland,Kamil Glik,Poland,DF,34,2. Benevento,1988,4,4,360,4.0,0,0,0,0,0,0,0,0,0.0,0.0,0.0,0.0,0.0
INT-World Cup,2022,Poland,Kamil Grosicki,Poland,"FW,MF",34,1. Pogoń Szczecin,1988,1,0,4,0.0,0,0,0,0,0,0,0,0,0.0,0.0,0.0,0.0,0.0
INT-World Cup,2022,Poland,Karol Świderski,Poland,MF,25,1. Charlotte,1997,1,1,45,0.5,0,0,0,0,0,0,0,0,0.0,0.0,0.0,0.0,0.0
INT-World Cup,2022,Poland,Krystian Bielik,Poland,MF,24,3. Derby County,1998,4,2,216,2.4,0,0,0,0,0,0,0,0,0.0,0.0,0.0,0.0,0.0
INT-World Cup,2022,Poland,Krzysztof Piątek,Poland,FW,26,1. Salernitana,1995,2,0,28,0.3,0,0,0,0,0,0,0,0,0.0,0.0,0.0,0.0,0.0
INT-World Cup,2022,Poland,Matty Cash,Poland,DF,24,1. Aston Villa,1997,4,4,360,4.0,0,0,0,0,0,0,2,0,0.0,0.0,0.0,0.0,0.0
INT-World Cup,2022,Poland,Michał Skóraś,Poland,MF,22,1. Lech Poznań,2000,1,0,45,0.5,0,0,0,0,0,0,0,0,0.0,0.0,0.0,0.0,0.0
INT-World Cup,2022,Poland,Nicola Zalewski,Poland,MF,20,1. Roma,2002,2,1,65,0.7,0,0,0,0,0,0,0,0,0.0,0.0,0.0,0.0,0.0
INT-World Cup,2022,Poland,Piotr Zieliński,Poland,MF,28,1. Napoli,1994,4,4,328,3.6,1,0,1,1,0,0,0,0,0.27,0.0,0.27,0.27,0.27
INT-World Cup,2022,Poland,Przemysław Frankowski,Poland,MF,27,1. Lens,1995,4,3,240,2.7,0,0,0,0,0,0,1,0,0.0,0.0,0.0,0.0,0.0
INT-World Cup,2022,Poland,Robert Lewandowski,Poland,FW,33,1. Barcelona,1988,4,4,360,4.0,2,1,3,1,1,2,0,0,0.5,0.25,0.75,0.25,0.5
INT-World Cup,2022,Poland,Sebastian Szymański,Poland,MF,23,1. Feyenoord,1999,2,2,134,1.5,0,0,0,0,0,0,0,0,0.0,0.0,0.0,0.0,0.0
INT-World Cup,2022,Poland,Wojciech Szczęsny,Poland,GK,32,1. Juventus,1990,4,4,360,4.0,0,0,0,0,0,0,0,0,0.0,0.0,0.0,0.0,0.0
INT-World Cup,2022,Portugal,André Silva,Portugal,FW,26,1. RB Leipzig,1995,1,0,26,0.3,0,0,0,0,0,0,0,0,0.0,0.0,0.0,0.0,0.0
INT-World Cup,2022,Portugal,António Silva,Portugal,DF,18,1. Benfica,2003,1,1,90,1.0,0,0,0,0,0,0,0,0,0.0,0.0,0.0,0.0,0.0
INT-World Cup,2022,Portugal,Bernardo Silva,Portugal,MF,27,1. Manchester City,1994,5,4,356,4.0,0,0,0,0,0,0,0,0,0.0,0.0,0.0,0.0,0.0
INT-World Cup,2022,Portugal,Bruno Fernandes,Portugal,FW,27,1. Manchester Utd,1994,4,4,356,4.0,2,3,5,1,1,1,1,0,0.51,0.76,1.26,0.25,1.01
INT-World Cup,2022,Portugal,Cristiano Ronaldo,Portugal,FW,37,1. Manchester Utd,1985,5,3,290,3.2,1,0,1,0,1,1,0,0,0.31,0.0,0.31,0.0,0.0
INT-World Cup,2022,Portugal,Danilo Pereira,Portugal,DF,30,1. PSG,1991,1,1,90,1.0,0,0,0,0,0,0,1,0,0.0,0.0,0.0,0.0,0.0
INT-World Cup,2022,Portugal,Diogo Costa,Portugal,GK,22,1. Porto,1999,5,5,450,5.0,0,0,0,0,0,0,0,0,0.0,0.0,0.0,0.0,0.0
INT-World Cup,2022,Portugal,Diogo Dalot,Portugal,DF,23,1. Manchester Utd,1999,3,3,258,2.9,0,2,2,0,0,0,0,0,0.0,0.7,0.7,0.0,0.7
INT-World Cup,2022,Portugal,Gonçalo Ramos,Portugal,FW,20,1. Benfica,2001,4,2,152,1.7,3,1,4,3,0,0,0,0,1.78,0.59,2.37,1.78,2.37
INT-World Cup,2022,Portugal,João Cancelo,Portugal,DF,28,1. Manchester City,1994,4,3,310,3.4,0,0,0,0,0,0,0,0,0.0,0.0,0.0,0.0,0.0
INT-World Cup,2022,Portugal,João Félix,Portugal,FW,22,1. Atlético Madrid,1999,4,4,331,3.7,1,2,3,1,0,0,1,0,0.27,0.54,0.82,0.27,0.82
INT-World Cup,2022,Portugal,João Mário,Portugal,MF,29,1. Benfica,1993,2,1,84,0.9,0,0,0,0,0,0,0,0,0.0,0.0,0.0,0.0,0.0
INT-World Cup,2022,Portugal,João Palhinha,Portugal,MF,26,1. Fulham,1995,3,0,38,0.4,0,0,0,0,0,0,0,0,0.0,0.0,0.0,0.0,0.0
INT-World Cup,2022,Portugal,Matheus Nunes,Portugal,MF,23,1. Wolves,1998,2,1,73,0.8,0,0,0,0,0,0,0,0,0.0,0.0,0.0,0.0,0.0
INT-World Cup,2022,Portugal,Nuno Mendes,Portugal,DF,19,1. PSG,2002,1,1,41,0.5,0,0,0,0,0,0,0,0,0.0,0.0,0.0,0.0,0.0
INT-World Cup,2022,Portugal,Otávio,Portugal,MF,27,1. Porto,1995,3,3,196,2.2,0,0,0,0,0,0,0,0,0.0,0.0,0.0,0.0,0.0
INT-World Cup,2022,Portugal,Pepe,Portugal,DF,39,1. Porto,1983,4,4,360,4.0,1,0,1,1,0,0,0,0,0.25,0.0,0.25,0.25,0.25
INT-World Cup,2022,Portugal,Rafael Leão,Portugal,"FW,MF",23,1. Milan,1999,5,0,88,1.0,2,0,2,2,0,0,0,0,2.05,0.0,2.05,2.05,2.05
INT-World Cup,2022,Portugal,Raphaël Guerreiro,Portugal,DF,28,1. Dortmund,1993,4,3,279,3.1,1,2,3,1,0,0,0,0,0.32,0.65,0.97,0.32,0.97
INT-World Cup,2022,Portugal,Ricardo Horta,Portugal,FW,27,1. Braga,1994,3,1,119,1.3,1,0,1,1,0,0,0,0,0.76,0.0,0.76,0.76,0.76
INT-World Cup,2022,Portugal,Rúben Dias,Portugal,DF,25,1. Manchester City,1997,4,4,360,4.0,0,0,0,0,0,0,1,0,0.0,0.0,0.0,0.0,0.0
INT-World Cup,2022,Portugal,Rúben Neves,Portugal,MF,25,1. Wolves,1997,5,4,268,3.0,0,0,0,0,0,0,1,0,0.0,0.0,0.0,0.0,0.0
INT-World Cup,2022,Portugal,Vitinha,Portugal,FW,22,1. PSG,2000,3,1,120,1.3,0,0,0,0,0,0,1,0,0.0,0.0,0.0,0.0,0.0
INT-World Cup,2022,Portugal,William Carvalho,Portugal,MF,30,1. Real Betis,1992,4,2,215,2.4,0,0,0,0,0,0,0,0,0.0,0.0,0.0,0.0,0.0
INT-World Cup,2022,Qatar,Abdelkarim Hassan,Qatar,DF,28,1. Al Sadd,1993,3,3,270,3.0,0,0,0,0,0,0,0,0,0.0,0.0,0.0,0.0,0.0
INT-World Cup,2022,Qatar,Abdulaziz Hatem,Qatar,MF,32,1. Al Rayyan SC,1990,3,2,196,2.2,0,0,0,0,0,0,0,0,0.0,0.0,0.0,0.0,0.0
INT-World Cup,2022,Qatar,Ahmed Alaaeldin,Qatar,FW,29,1. Al-Gharafa Sports Club,1993,1,0,6,0.1,0,0,0,0,0,0,0,0,0.0,0.0,0.0,0.0,0.0
INT-World Cup,2022,Qatar,Akram Afif,Qatar,FW,25,1. Al Sadd,1996,3,3,270,3.0,0,0,0,0,0,0,1,0,0.0,0.0,0.0,0.0,0.0
INT-World Cup,2022,Qatar,Ali Assadalla,Qatar,"FW,MF",29,1. Al Sadd,1993,1,0,27,0.3,0,0,0,0,0,0,0,0,0.0,0.0,0.0,0.0,0.0
INT-World Cup,2022,Qatar,Almoez Ali,Qatar,FW,25,1. Al Duhail SC,1996,3,3,224,2.5,0,0,0,0,0,0,1,0,0.0,0.0,0.0,0.0,0.0
INT-World Cup,2022,Qatar,Assim Madibo,Qatar,MF,25,1. Al Duhail SC,1996,2,2,153,1.7,0,0,0,0,0,0,1,0,0.0,0.0,0.0,0.0,0.0
INT-World Cup,2022,Qatar,Bassam Al-Rawi,Qatar,DF,24,1. Al Duhail SC,1997,1,1,90,1.0,0,0,0,0,0,0,0,0,0.0,0.0,0.0,0.0,0.0
INT-World Cup,2022,Qatar,Boualem Khoukhi,Qatar,DF,31,1. Al Sadd,1990,3,3,270,3.0,0,0,0,0,0,0,0,0,0.0,0.0,0.0,0.0,0.0
INT-World Cup,2022,Qatar,Hassan Al-Haydos,Qatar,MF,31,1. Al Sadd,1990,3,3,206,2.3,0,0,0,0,0,0,0,0,0.0,0.0,0.0,0.0,0.0
INT-World Cup,2022,Qatar,Homam Ahmed,Qatar,"DF,MF",22,1. Al-Gharafa Sports Club,1999,3,3,262,2.9,0,0,0,0,0,0,1,0,0.0,0.0,0.0,0.0,0.0
INT-World Cup,2022,Qatar,Ismaeel Mohammad,Qatar,DF,32,1. Al Duhail SC,1990,2,2,174,1.9,0,1,1,0,0,0,1,0,0.0,0.52,0.52,0.0,0.52
INT-World Cup,2022,Qatar,Karim Boudiaf,Qatar,MF,31,1. Al Duhail SC,1990,3,2,185,2.1,0,0,0,0,0,0,1,0,0.0,0.0,0.0,0.0,0.0
INT-World Cup,2022,Qatar,Meshaal Barsham,Qatar,GK,24,1. Al Sadd,1998,2,2,180,2.0,0,0,0,0,0,0,0,0,0.0,0.0,0.0,0.0,0.0
INT-World Cup,2022,Qatar,Mohammed Muntari,Qatar,FW,28,1. Al Duhail SC,1993,3,0,63,0.7,1,0,1,1,0,0,0,0,1.43,0.0,1.43,1.43,1.43
INT-World Cup,2022,Qatar,Mohammed Waad,Qatar,MF,22,1. Al Sadd,1999,2,0,28,0.3,0,0,0,0,0,0,0,0,0.0,0.0,0.0,0.0,0.0
INT-World Cup,2022,Qatar,Musab Kheder,Qatar,DF,28,1. Al Sadd,1993,1,0,6,0.1,0,0,0,0,0,0,0,0,0.0,0.0,0.0,0.0,0.0
INT-World Cup,2022,Qatar,Ró-Ró,Qatar,"DF,MF",31,1. Al Sadd,1990,3,3,262,2.9,0,0,0,0,0,0,0,0,0.0,0.0,0.0,0.0,0.0
INT-World Cup,2022,Qatar,Saad Al Sheeb,Qatar,GK,32,1. Al Sadd,1990,1,1,90,1.0,0,0,0,0,0,0,1,0,0.0,0.0,0.0,0.0,0.0
INT-World Cup,2022,Qatar,Tarek Salman,Qatar,"DF,MF",24,1. Al Sadd,1997,1,0,8,0.1,0,0,0,0,0,0,0,0,0.0,0.0,0.0,0.0,0.0
INT-World Cup,2022,Saudi Arabia,Abdulelah Al-Amri,Saudi Arabia,DF,25,1. Al-Nassr,1997,3,2,182,2.0,0,0,0,0,0,0,2,0,0.0,0.0,0.0,0.0,0.0
INT-World Cup,2022,Saudi Arabia,Abdulellah Al-Malki,Saudi Arabia,MF,27,1. Al-Hilal,1994,2,2,174,1.9,0,0,0,0,0,0,2,0,0.0,0.0,0.0,0.0,0.0
INT-World Cup,2022,Saudi Arabia,Abdullah Madu,Saudi Arabia,DF,28,1. Al-Nassr,1993,1,0,45,0.5,0,0,0,0,0,0,1,0,0.0,0.0,0.0,0.0,0.0
INT-World Cup,2022,Saudi Arabia,Abdulrahman Al-Aboud,Saudi Arabia,MF,27,1. Al-Ittihad,1995,2,0,35,0.4,0,0,0,0,0,0,0,0,0.0,0.0,0.0,0.0,0.0
INT-World Cup,2022,Saudi Arabia,Ali Al Hassan,Saudi Arabia,MF,25,1. Al-Nassr,1997,1,1,45,0.5,0,0,0,0,0,0,1,0,0.0,0.0,0.0,0.0,0.0
INT-World Cup,2022,Saudi Arabia,Ali Al-Bulaihi,Saudi Arabia,DF,32,1. Al-Hilal,1989,3,3,216,2.4,0,0,0,0,0,0,1,0,0.0,0.0,0.0,0.0,0.0
INT-World Cup,2022,Saudi Arabia,Asiri Haitham,Saudi Arabia,FW,21,2. Al-Ahli,2001,1,0,2,0.0,0,0,0,0,0,0,0,0,0.0,0.0,0.0,0.0,0.0
INT-World Cup,2022,Saudi Arabia,Firas Al-Buraikan,Saudi Arabia,FW,22,1. Al-Fateh,2000,3,3,268,3.0,0,1,1,0,0,0,0,0,0.0,0.34,0.34,0.0,0.34
INT-World Cup,2022,Saudi Arabia,Hassan Al Tambakti,Saudi Arabia,DF,23,1. Al-Shabab,1999,2,2,180,2.0,0,0,0,0,0,0,1,0,0.0,0.0,0.0,0.0,0.0
INT-World Cup,2022,Saudi Arabia,Hattan Bahebri,Saudi Arabia,"FW,MF",29,1. Al-Shabab,1992,2,0,4,0.0,0,1,1,0,0,0,1,0,0.0,22.5,22.5,0.0,22.5
INT-World Cup,2022,Saudi Arabia,Mohamed Kanno,Saudi Arabia,MF,27,1. Al-Hilal,1994,3,3,270,3.0,0,0,0,0,0,0,0,0,0.0,0.0,0.0,0.0,0.0
INT-World Cup,2022,Saudi Arabia,Mohammed Al-Breik,Saudi Arabia,DF,29,1. Al-Hilal,1992,2,1,65,0.7,0,0,0,0,0,0,0,0,0.0,0.0,0.0,0.0,0.0
INT-World Cup,2022,Saudi Arabia,Mohammed Al-Owais,Saudi Arabia,GK,30,1. Al-Hilal,1991,3,3,270,3.0,0,0,0,0,0,0,1,0,0.0,0.0,0.0,0.0,0.0
INT-World Cup,2022,Saudi Arabia,Nasser Al-Dawsari,Saudi Arabia,"DF,MF",23,1. Al-Hilal,1998,1,0,5,0.1,0,0,0,0,0,0,0,0,0.0,0.0,0.0,0.0,0.0
INT-World Cup,2022,Saudi Arabia,Nawaf Al Abed,Saudi Arabia,"FW,MF",32,1. Al-Shabab,1990,2,0,88,1.0,0,0,0,0,0,0,1,0,0.0,0.0,0.0,0.0,0.0
INT-World Cup,2022,Saudi Arabia,Riyadh Sharahili,Saudi Arabia,MF,29,1. Abha,1993,1,0,54,0.6,0,0,0,0,0,0,0,0,0.0,0.0,0.0,0.0,0.0
INT-World Cup,2022,Saudi Arabia,Saleh Al-Shehri,Saudi Arabia,FW,28,1. Al-Hilal,1993,3,3,223,2.5,1,0,1,1,0,0,1,0,0.4,0.0,0.4,0.4,0.4
INT-World Cup,2022,Saudi Arabia,Salem Al-Dawsari,Saudi Arabia,FW,30,1. Al-Hilal,1991,3,3,270,3.0,2,0,2,2,0,1,1,0,0.67,0.0,0.67,0.67,0.67
INT-World Cup,2022,Saudi Arabia,Salman Al-Faraj,Saudi Arabia,MF,32,1. Al-Hilal,1989,1,1,44,0.5,0,0,0,0,0,0,0,0,0.0,0.0,0.0,0.0,0.0
INT-World Cup,2022,Saudi Arabia,Sami Al-Najei,Saudi Arabia,MF,25,1. Al-Nassr,1997,1,1,45,0.5,0,0,0,0,0,0,0,0,0.0,0.0,0.0,0.0,0.0
INT-World Cup,2022,Saudi Arabia,Saud Abdulhamid,Saudi Arabia,"DF,MF",22,1. Al-Hilal,1999,3,3,270,3.0,0,0,0,0,0,0,1,0,0.0,0.0,0.0,0.0,0.0
INT-World Cup,2022,Saudi Arabia,Sultan Al-Ghanam,Saudi Arabia,DF,28,1. Al-Nassr,1994,3,1,126,1.4,0,0,0,0,0,0,0,0,0.0,0.0,0.0,0.0,0.0
INT-World Cup,2022,Saudi Arabia,Yasser Al-Shahrani,Saudi Arabia,DF,30,1. Al-Hilal,1992,1,1,89,1.0,0,0,0,0,0,0,0,0,0.0,0.0,0.0,0.0,0.0
INT-World Cup,2022,Senegal,Abdou Diallo,Senegal,DF,26,1. RB Leipzig,1996,4,4,331,3.7,0,0,0,0,0,0,0,0,0.0,0.0,0.0,0.0,0.0
INT-World Cup,2022,Senegal,Bamba Dieng,Senegal,FW,22,1. Marseille,2000,4,0,100,1.1,1,0,1,1,0,0,0,0,0.9,0.0,0.9,0.9,0.9
INT-World Cup,2022,Senegal,Boulaye Dia,Senegal,"FW,MF",25,1. Salernitana,1996,4,4,318,3.5,1,0,1,1,0,0,1,0,0.28,0.0,0.28,0.28,0.28
INT-World Cup,2022,Senegal,Cheikhou Kouyaté,Senegal,MF,32,1. Nottingham,1989,1,1,72,0.8,0,0,0,0,0,0,0,0,0.0,0.0,0.0,0.0,0.0
INT-World Cup,2022,Senegal,Famara Diedhiou,Senegal,FW,29,1. Alanyaspor,1992,2,1,92,1.0,1,0,1,1,0,0,0,0,0.98,0.0,0.98,0.98,0.98
INT-World Cup,2022,Senegal,Fodé Ballo-Touré,Senegal,"DF,MF",25,1. Milan,1997,1,0,7,0.1,0,0,0,0,0,0,0,0,0.0,0.0,0.0,0.0,0.0
INT-World Cup,2022,Senegal,Idrissa Gueye,Senegal,MF,32,1. Everton,1989,3,3,270,3.0,0,0,0,0,0,0,2,0,0.0,0.0,0.0,0.0,0.0
INT-World Cup,2022,Senegal,Iliman Ndiaye,Senegal,"MF,FW",22,2. Sheffield United,2000,3,2,135,1.5,0,1,1,0,0,0,0,0,0.0,0.67,0.67,0.0,0.67
INT-World Cup,2022,Senegal,Ismail Jakobs,Senegal,DF,22,1. Monaco,1999,4,3,278,3.1,0,1,1,0,0,0,1,0,0.0,0.32,0.32,0.0,0.32
INT-World Cup,2022,Senegal,Ismaila Sarr,Senegal,"MF,FW",24,2. Watford,1998,4,4,344,3.8,1,0,1,0,1,1,0,0,0.26,0.0,0.26,0.0,0.0
INT-World Cup,2022,Senegal,Kalidou Koulibaly,Senegal,DF,30,1. Chelsea,1991,4,4,360,4.0,1,0,1,1,0,0,1,0,0.25,0.0,0.25,0.25,0.25
INT-World Cup,2022,Senegal,Krépin Diatta,Senegal,"MF,FW",23,1. Monaco,1999,3,3,181,2.0,0,0,0,0,0,0,0,0,0.0,0.0,0.0,0.0,0.0
INT-World Cup,2022,Senegal,Nampalys Mendy,Senegal,MF,29,1. Leicester City,1992,4,3,272,3.0,0,0,0,0,0,0,1,0,0.0,0.0,0.0,0.0,0.0
INT-World Cup,2022,Senegal,Nicolas Jackson,Senegal,FW,20,1. Villarreal,2001,1,0,17,0.2,0,0,0,0,0,0,0,0,0.0,0.0,0.0,0.0,0.0
INT-World Cup,2022,Senegal,Pape Abou Cissé,Senegal,DF,26,1. Olympiacos,1995,3,1,105,1.2,0,0,0,0,0,0,0,0,0.0,0.0,0.0,0.0,0.0
INT-World Cup,2022,Senegal,Pape Gueye,Senegal,MF,23,1. Marseille,1999,3,1,153,1.7,0,0,0,0,0,0,0,0,0.0,0.0,0.0,0.0,0.0
INT-World Cup,2022,Senegal,Pape Matar Sarr,Senegal,MF,19,1. Tottenham,2002,2,0,59,0.7,0,0,0,0,0,0,0,0,0.0,0.0,0.0,0.0,0.0
INT-World Cup,2022,Senegal,Pathé Ciss,Senegal,MF,28,1. Rayo Vallecano,1994,3,2,146,1.6,0,0,0,0,0,0,1,0,0.0,0.0,0.0,0.0,0.0
INT-World Cup,2022,Senegal,Youssouf Sabaly,Senegal,DF,29,1. Real Betis,1993,4,4,360,4.0,0,0,0,0,0,0,0,0,0.0,0.0,0.0,0.0,0.0
INT-World Cup,2022,Senegal,Édouard Mendy,Senegal,GK,30,1. Chelsea,1992,4,4,360,4.0,0,0,0,0,0,0,0,0,0.0,0.0,0.0,0.0,0.0
INT-World Cup,2022,Serbia,Aleksandar Mitrović,Serbia,FW,27,1. Fulham,1994,3,3,262,2.9,2,0,2,2,0,0,1,0,0.69,0.0,0.69,0.69,0.69
INT-World Cup,2022,Serbia,Andrija Živković,Serbia,MF,25,1. PAOK,1996,3,3,210,2.3,0,2,2,0,0,0,0,0,0.0,0.86,0.86,0.0,0.86
INT-World Cup,2022,Serbia,Darko Lazović,Serbia,MF,31,1. Hellas Verona,1990,1,0,25,0.3,0,0,0,0,0,0,0,0,0.0,0.0,0.0,0.0,0.0
INT-World Cup,2022,Serbia,Dušan Tadić,Serbia,"MF,FW",33,1. Ajax,1988,3,3,257,2.9,0,2,2,0,0,0,0,0,0.0,0.7,0.7,0.0,0.7
INT-World Cup,2022,Serbia,Dušan Vlahović,Serbia,FW,22,1. Juventus,2000,2,1,79,0.9,1,0,1,1,0,0,0,0,1.14,0.0,1.14,1.14,1.14
INT-World Cup,2022,Serbia,Filip Kostić,Serbia,MF,29,1. Juventus,1992,2,2,179,2.0,0,0,0,0,0,0,0,0,0.0,0.0,0.0,0.0,0.0
INT-World Cup,2022,Serbia,Filip Mladenović,Serbia,MF,30,1. Legia Warsaw,1991,1,1,65,0.7,0,0,0,0,0,0,0,0,0.0,0.0,0.0,0.0,0.0
INT-World Cup,2022,Serbia,Filip Đuričić,Serbia,"FW,MF",30,1. Sampdoria,1992,2,0,14,0.2,0,0,0,0,0,0,0,0,0.0,0.0,0.0,0.0,0.0
INT-World Cup,2022,Serbia,Ivan Ilić,Serbia,MF,21,1. Hellas Verona,2001,1,0,34,0.4,0,0,0,0,0,0,0,0,0.0,0.0,0.0,0.0,0.0
INT-World Cup,2022,Serbia,Luka Jović,Serbia,FW,24,1. Fiorentina,1997,1,0,36,0.4,0,0,0,0,0,0,1,0,0.0,0.0,0.0,0.0,0.0
INT-World Cup,2022,Serbia,Marko Grujić,Serbia,MF,26,1. Porto,1996,1,0,13,0.1,0,0,0,0,0,0,0,0,0.0,0.0,0.0,0.0,0.0
INT-World Cup,2022,Serbia,Miloš Veljković,Serbia,DF,26,1. Werder Bremen,1995,3,3,221,2.5,0,0,0,0,0,0,0,0,0.0,0.0,0.0,0.0,0.0
INT-World Cup,2022,Serbia,Nemanja Gudelj,Serbia,MF,30,1. Sevilla,1991,2,1,92,1.0,0,0,0,0,0,0,2,0,0.0,0.0,0.0,0.0,0.0
INT-World Cup,2022,Serbia,Nemanja Maksimović,Serbia,MF,27,1. Getafe,1995,3,1,122,1.4,0,0,0,0,0,0,0,0,0.0,0.0,0.0,0.0,0.0
INT-World Cup,2022,Serbia,Nemanja Radonjić,Serbia,"FW,MF",26,1. Torino,1996,3,0,60,0.7,0,0,0,0,0,0,0,0,0.0,0.0,0.0,0.0,0.0
INT-World Cup,2022,Serbia,Nikola Milenković,Serbia,DF,24,1. Fiorentina,1997,3,3,270,3.0,0,0,0,0,0,0,2,0,0.0,0.0,0.0,0.0,0.0
INT-World Cup,2022,Serbia,Saša Lukić,Serbia,MF,25,1. Torino,1996,3,3,245,2.7,0,0,0,0,0,0,2,0,0.0,0.0,0.0,0.0,0.0
INT-World Cup,2022,Serbia,Sergej Milinković-Savić,Serbia,"MF,FW",27,1. Lazio,1995,3,3,233,2.6,1,0,1,1,0,0,1,0,0.39,0.0,0.39,0.39,0.39
INT-World Cup,2022,Serbia,Srđan Babić,Serbia,DF,26,1. Almería,1996,1,0,13,0.1,0,0,0,0,0,0,0,0,0.0,0.0,0.0,0.0,0.0
INT-World Cup,2022,Serbia,Stefan Mitrović,Serbia,DF,32,1. Getafe,1990,1,0,35,0.4,0,0,0,0,0,0,0,0,0.0,0.0,0.0,0.0,0.0
INT-World Cup,2022,Serbia,Strahinja Pavlović,Serbia,DF,21,1. RB Salzburg,2001,3,3,235,2.6,1,0,1,1,0,0,2,0,0.38,0.0,0.38,0.38,0.38
INT-World Cup,2022,Serbia,Vanja Milinković-Savić,Serbia,GK,25,1. Torino,1997,3,3,270,3.0,0,0,0,0,0,0,0,0,0.0,0.0,0.0,0.0,0.0
INT-World Cup,2022,Spain,Alejandro Balde,Spain,DF,18,1. Barcelona,2003,4,1,126,1.4,0,0,0,0,0,0,0,0,0.0,0.0,0.0,0.0,0.0
INT-World Cup,2022,Spain,Ansu Fati,Spain,"FW,MF",19,1. Barcelona,2002,2,0,46,0.5,0,0,0,0,0,0,0,0,0.0,0.0,0.0,0.0,0.0
INT-World Cup,2022,Spain,Aymeric Laporte,Spain,DF,28,1. Manchester City,1994,3,3,300,3.3,0,0,0,0,0,0,1,0,0.0,0.0,0.0,0.0,0.0
INT-World Cup,2022,Spain,Carlos Soler,Spain,MF,25,1. PSG,1997,2,0,92,1.0,1,0,1,1,0,0,0,0,0.98,0.0,0.98,0.98,0.98
INT-World Cup,2022,Spain,César Azpilicueta,Spain,DF,32,1. Chelsea,1989,2,2,135,1.5,0,1,1,0,0,0,0,0,0.0,0.67,0.67,0.0,0.67
INT-World Cup,2022,Spain,Dani Carvajal,Spain,DF,30,1. Real Madrid,1992,2,1,135,1.5,0,0,0,0,0,0,0,0,0.0,0.0,0.0,0.0,0.0
INT-World Cup,2022,Spain,Dani Olmo,Spain,FW,24,1. RB Leipzig,1998,4,4,367,4.1,1,1,2,1,0,0,0,0,0.25,0.25,0.49,0.25,0.49
INT-World Cup,2022,Spain,Ferrán Torres,Spain,FW,22,1. Barcelona,2000,4,3,217,2.4,2,0,2,1,1,1,0,0,0.83,0.0,0.83,0.41,0.41
INT-World Cup,2022,Spain,Gavi,Spain,MF,17,1. Barcelona,2004,4,4,284,3.2,1,0,1,1,0,0,0,0,0.32,0.0,0.32,0.32,0.32
INT-World Cup,2022,Spain,Jordi Alba,Spain,DF,33,1. Barcelona,1989,4,3,264,2.9,0,2,2,0,0,0,0,0,0.0,0.68,0.68,0.0,0.68
INT-World Cup,2022,Spain,Koke,Spain,MF,30,1. Atlético Madrid,1992,2,0,52,0.6,0,0,0,0,0,0,0,0,0.0,0.0,0.0,0.0,0.0
INT-World Cup,2022,Spain,Marco Asensio,Spain,FW,26,1. Real Madrid,1996,4,3,229,2.5,1,0,1,1,0,0,0,0,0.39,0.0,0.39,0.39,0.39
INT-World Cup,2022,Spain,Marcos Llorente,Spain,DF,27,1. Atlético Madrid,1995,1,1,120,1.3,0,0,0,0,0,0,0,0,0.0,0.0,0.0,0.0,0.0
INT-World Cup,2022,Spain,Nico Williams,Spain,FW,19,1. Athletic Club,2002,4,1,146,1.6,0,0,0,0,0,0,0,0,0.0,0.0,0.0,0.0,0.0
INT-World Cup,2022,Spain,Pablo Sarabia,Spain,"FW,MF",30,1. PSG,1992,1,0,3,0.0,0,0,0,0,0,0,0,0,0.0,0.0,0.0,0.0,0.0
INT-World Cup,2022,Spain,Pau Torres,Spain,DF,25,1. Villarreal,1997,1,1,90,1.0,0,0,0,0,0,0,0,0,0.0,0.0,0.0,0.0,0.0
INT-World Cup,2022,Spain,Pedri,Spain,MF,19,1. Barcelona,2002,4,4,356,4.0,0,0,0,0,0,0,0,0,0.0,0.0,0.0,0.0,0.0
INT-World Cup,2022,Spain,Rodri,Spain,DF,25,1. Manchester City,1996,4,4,390,4.3,0,0,0,0,0,0,0,0,0.0,0.0,0.0,0.0,0.0
INT-World Cup,2022,Spain,Sergio Busquets,Spain,MF,33,1. Barcelona,1988,4,4,363,4.0,0,0,0,0,0,0,1,0,0.0,0.0,0.0,0.0,0.0
INT-World Cup,2022,Spain,Unai Simón,Spain,GK,25,1. Athletic Club,1997,4,4,390,4.3,0,0,0,0,0,0,0,0,0.0,0.0,0.0,0.0,0.0
INT-World Cup,2022,Spain,Álvaro Morata,Spain,FW,29,1. Atlético Madrid,1992,4,1,185,2.1,3,1,4,3,0,0,0,0,1.46,0.49,1.95,1.46,1.95
INT-World Cup,2022,Switzerland,Ardon Jashari,Switzerland,MF,19,1. Luzern,2002,1,0,2,0.0,0,0,0,0,0,0,0,0,0.0,0.0,0.0,0.0,0.0
INT-World Cup,2022,Switzerland,Breel Embolo,Switzerland,FW,25,1. Monaco,1997,4,4,323,3.6,2,0,2,2,0,0,0,0,0.56,0.0,0.56,0.56,0.56
INT-World Cup,2022,Switzerland,Christian Fassnacht,Switzerland,"FW,MF",28,1. Young Boys,1993,1,0,8,0.1,0,0,0,0,0,0,0,0,0.0,0.0,0.0,0.0,0.0
INT-World Cup,2022,Switzerland,Denis Zakaria,Switzerland,"DF,MF",25,1. Chelsea,1996,2,0,59,0.7,0,0,0,0,0,0,0,0,0.0,0.0,0.0,0.0,0.0
INT-World Cup,2022,Switzerland,Djibril Sow,Switzerland,MF,25,1. Frankfurt,1997,4,4,264,2.9,0,1,1,0,0,0,0,0,0.0,0.34,0.34,0.0,0.34
INT-World Cup,2022,Switzerland,Edimilson Fernandes,Switzerland,MF,26,1. Mainz 05,1996,3,1,145,1.6,0,0,0,0,0,0,0,0,0.0,0.0,0.0,0.0,0.0
INT-World Cup,2022,Switzerland,Eray Cömert,Switzerland,DF,24,1. Valencia,1998,2,0,46,0.5,0,0,0,0,0,0,1,0,0.0,0.0,0.0,0.0,0.0
INT-World Cup,2022,Switzerland,Fabian Frei,Switzerland,"DF,MF",33,1. Basel,1989,2,0,25,0.3,0,0,0,0,0,0,0,0,0.0,0.0,0.0,0.0,0.0
INT-World Cup,2022,Switzerland,Fabian Rieder,Switzerland,MF,20,1. Young Boys,2002,2,1,68,0.8,0,0,0,0,0,0,1,0,0.0,0.0,0.0,0.0,0.0
INT-World Cup,2022,Switzerland,Fabian Schär,Switzerland,DF,30,1. Newcastle,1991,2,2,135,1.5,0,0,0,0,0,0,2,0,0.0,0.0,0.0,0.0,0.0
INT-World Cup,2022,Switzerland,Granit Xhaka,Switzerland,MF,29,1. Arsenal,1992,4,4,360,4.0,0,0,0,0,0,0,1,0,0.0,0.0,0.0,0.0,0.0
INT-World Cup,2022,Switzerland,Gregor Kobel,Switzerland,GK,24,1. Dortmund,1997,1,1,90,1.0,0,0,0,0,0,0,0,0,0.0,0.0,0.0,0.0,0.0
INT-World Cup,2022,Switzerland,Haris Seferović,Switzerland,FW,30,1. Galatasaray,1992,3,0,71,0.8,0,0,0,0,0,0,0,0,0.0,0.0,0.0,0.0,0.0
INT-World Cup,2022,Switzerland,Manuel Akanji,Switzerland,DF,26,1. Manchester City,1995,4,4,360,4.0,1,0,1,1,0,0,1,0,0.25,0.0,0.25,0.25,0.25
INT-World Cup,2022,Switzerland,Michel Aebischer,Switzerland,MF,25,1. Bologna,1997,1,0,16,0.2,0,0,0,0,0,0,0,0,0.0,0.0,0.0,0.0,0.0
INT-World Cup,2022,Switzerland,Nico Elvedi,Switzerland,DF,25,1. Gladbach,1996,2,2,180,2.0,0,0,0,0,0,0,1,0,0.0,0.0,0.0,0.0,0.0
INT-World Cup,2022,Switzerland,Noah Okafor,Switzerland,"FW,MF",22,1. RB Salzburg,2000,3,0,45,0.5,0,0,0,0,0,0,0,0,0.0,0.0,0.0,0.0,0.0
INT-World Cup,2022,Switzerland,Remo Freuler,Switzerland,MF,30,1. Nottingham,1992,4,4,323,3.6,1,0,1,1,0,0,0,0,0.28,0.0,0.28,0.28,0.28
INT-World Cup,2022,Switzerland,Renato Steffen,Switzerland,"FW,MF",30,1. Lugano,1991,1,0,32,0.4,0,0,0,0,0,0,0,0,0.0,0.0,0.0,0.0,0.0
INT-World Cup,2022,Switzerland,Ricardo Rodríguez,Switzerland,DF,29,1. Torino,1992,4,4,359,4.0,0,0,0,0,0,0,0,0,0.0,0.0,0.0,0.0,0.0
INT-World Cup,2022,Switzerland,Ruben Vargas,Switzerland,"MF,FW",23,1. Augsburg,1998,4,4,285,3.2,0,1,1,0,0,0,1,0,0.0,0.32,0.32,0.0,0.32
INT-World Cup,2022,Switzerland,Silvan Widmer,Switzerland,DF,29,1. Mainz 05,1993,3,3,265,2.9,0,1,1,0,0,0,1,0,0.0,0.34,0.34,0.0,0.34
INT-World Cup,2022,Switzerland,Xherdan Shaqiri,Switzerland,"FW,MF",30,1. Chicago Fire,1991,3,3,229,2.5,1,1,2,1,0,0,0,0,0.39,0.39,0.79,0.39,0.79
INT-World Cup,2022,Switzerland,Yann Sommer,Switzerland,GK,33,1. Gladbach,1988,3,3,270,3.0,0,0,0,0,0,0,0,0,0.0,0.0,0.0,0.0,0.0
INT-World Cup,2022,Tunisia,Ali Abdi,Tunisia,MF,28,2. Caen,1993,3,2,188,2.1,0,0,0,0,0,0,1,0,0.0,0.0,0.0,0.0,0.0
INT-World Cup,2022,Tunisia,Ali Maâloul,Tunisia,MF,32,1. Al Ahly,1990,1,1,90,1.0,0,0,0,0,0,0,0,0,0.0,0.0,0.0,0.0,0.0
INT-World Cup,2022,Tunisia,Anis Ben Slimane,Tunisia,FW,21,1. Brøndby,2001,2,2,148,1.6,0,0,0,0,0,0,0,0,0.0,0.0,0.0,0.0,0.0
INT-World Cup,2022,Tunisia,Aymen Dahmen,Tunisia,GK,25,1. CS Sfaxien,1997,3,3,270,3.0,0,0,0,0,0,0,0,0,0.0,0.0,0.0,0.0,0.0
INT-World Cup,2022,Tunisia,Aïssa Laïdouni,Tunisia,MF,25,1. Ferencváros,1996,3,3,243,2.7,0,1,1,0,0,0,1,0,0.0,0.37,0.37,0.0,0.37
INT-World Cup,2022,Tunisia,Dylan Bronn,Tunisia,DF,26,1. Salernitana,1995,2,2,162,1.8,0,0,0,0,0,0,0,0,0.0,0.0,0.0,0.0,0.0
INT-World Cup,2022,Tunisia,Ellyes Skhiri,Tunisia,MF,27,1. Köln,1995,3,3,270,3.0,0,0,0,0,0,0,0,0,0.0,0.0,0.0,0.0,0.0
INT-World Cup,2022,Tunisia,Ferjani Sassi,Tunisia,"DF,MF",30,1. Al Duhail SC,1992,2,0,48,0.5,0,0,0,0,0,0,1,0,0.0,0.0,0.0,0.0,0.0
INT-World Cup,2022,Tunisia,Ghaylène Chaalali,Tunisia,MF,28,1. Espérance Tunis,1994,1,0,17,0.2,0,0,0,0,0,0,0,0,0.0,0.0,0.0,0.0,0.0
INT-World Cup,2022,Tunisia,Hannibal Mejbri,Tunisia,MF,19,2. Birmingham City,2003,1,0,11,0.1,0,0,0,0,0,0,0,0,0.0,0.0,0.0,0.0,0.0
INT-World Cup,2022,Tunisia,Issam Jebali,Tunisia,FW,30,1. Odense,1991,3,2,182,2.0,0,0,0,0,0,0,0,0,0.0,0.0,0.0,0.0,0.0
INT-World Cup,2022,Tunisia,Mohamed Ali Ben Romdhane,Tunisia,FW,22,1. Espérance Tunis,1999,1,1,73,0.8,0,0,0,0,0,0,0,0,0.0,0.0,0.0,0.0,0.0
INT-World Cup,2022,Tunisia,Mohamed Dräger,Tunisia,MF,25,1. Luzern,1996,2,2,132,1.5,0,0,0,0,0,0,0,0,0.0,0.0,0.0,0.0,0.0
INT-World Cup,2022,Tunisia,Montassar Talbi,Tunisia,DF,24,1. Lorient,1998,3,3,270,3.0,0,0,0,0,0,0,0,0,0.0,0.0,0.0,0.0,0.0
INT-World Cup,2022,Tunisia,Nader Ghandri,Tunisia,DF,27,1. Club Africain,1995,1,1,90,1.0,0,0,0,0,0,0,0,0,0.0,0.0,0.0,0.0,0.0
INT-World Cup,2022,Tunisia,Naïm Sliti,Tunisia,FW,29,1. Al-Ettifaq,1992,2,1,114,1.3,0,0,0,0,0,0,0,0,0.0,0.0,0.0,0.0,0.0
INT-World Cup,2022,Tunisia,Taha Yassine Khenissi,Tunisia,FW,30,1. Kuwait SC,1992,2,0,29,0.3,0,0,0,0,0,0,1,0,0.0,0.0,0.0,0.0,0.0
INT-World Cup,2022,Tunisia,Wahbi Khazri,Tunisia,FW,31,1. Montpellier,1991,2,1,83,0.9,1,0,1,1,0,0,0,0,1.08,0.0,1.08,1.08,1.08
INT-World Cup,2022,Tunisia,Wajdi Kechrida,Tunisia,MF,26,1. Atromitos,1995,3,1,111,1.2,0,0,0,0,0,0,1,0,0.0,0.0,0.0,0.0,0.0
INT-World Cup,2022,Tunisia,Yassine Meriah,Tunisia,DF,28,1. Espérance Tunis,1993,3,3,270,3.0,0,0,0,0,0,0,0,0,0.0,0.0,0.0,0.0,0.0
INT-World Cup,2022,Tunisia,Youssef Msakni,Tunisia,FW,31,1. Al-Arabi,1990,2,2,169,1.9,0,0,0,0,0,0,0,0,0.0,0.0,0.0,0.0,0.0
INT-World Cup,2022,United States,Antonee Robinson,United States,DF,24,1. Fulham,1997,4,4,359,4.0,0,0,0,0,0,0,0,0,0.0,0.0,0.0,0.0,0.0
INT-World Cup,2022,United States,Brenden Aaronson,United States,"FW,MF",21,1. Leeds United,2000,4,0,108,1.2,0,0,0,0,0,0,0,0,0.0,0.0,0.0,0.0,0.0
INT-World Cup,2022,United States,Cameron Carter-Vickers,United States,DF,24,1. Celtic,1997,1,1,90,1.0,0,0,0,0,0,0,0,0,0.0,0.0,0.0,0.0,0.0
INT-World Cup,2022,United States,Christian Pulisic,United States,"FW,MF",23,1. Chelsea,1998,4,4,315,3.5,1,2,3,1,0,0,0,0,0.29,0.57,0.86,0.29,0.86
INT-World Cup,2022,United States,DeAndre Yedlin,United States,"DF,MF",28,1. Inter Miami,1993,2,0,33,0.4,0,0,0,0,0,0,0,0,0.0,0.0,0.0,0.0,0.0
INT-World Cup,2022,United States,Gio Reyna,United States,MF,19,1. Dortmund,2002,2,0,53,0.6,0,0,0,0,0,0,0,0,0.0,0.0,0.0,0.0,0.0
INT-World Cup,2022,United States,Haji Wright,United States,FW,24,1. Antalyaspor,1998,4,1,137,1.5,1,0,1,1,0,0,0,0,0.66,0.0,0.66,0.66,0.66
INT-World Cup,2022,United States,Jesús Ferreira,United States,FW,21,1. FC Dallas,2000,1,1,45,0.5,0,0,0,0,0,0,0,0,0.0,0.0,0.0,0.0,0.0
INT-World Cup,2022,United States,Jordan Morris,United States,"FW,MF",27,1. Seattle Sounders,1994,2,0,4,0.0,0,0,0,0,0,0,0,0,0.0,0.0,0.0,0.0,0.0
INT-World Cup,2022,United States,Josh Sargent,United States,FW,22,2. Norwich City,2000,3,2,157,1.7,0,0,0,0,0,0,0,0,0.0,0.0,0.0,0.0,0.0
INT-World Cup,2022,United States,Kellyn Acosta,United States,"DF,MF",26,1. LAFC,1995,2,0,43,0.5,0,0,0,0,0,0,1,0,0.0,0.0,0.0,0.0,0.0
INT-World Cup,2022,United States,Matt Turner,United States,GK,27,1. Arsenal,1994,4,4,360,4.0,0,0,0,0,0,0,0,0,0.0,0.0,0.0,0.0,0.0
INT-World Cup,2022,United States,Sergiño Dest,United States,DF,21,1. Milan,2000,4,4,305,3.4,0,1,1,0,0,0,1,0,0.0,0.3,0.3,0.0,0.3
INT-World Cup,2022,United States,Shaq Moore,United States,"DF,MF",25,1. Nashville SC,1996,2,0,22,0.2,0,0,0,0,0,0,0,0,0.0,0.0,0.0,0.0,0.0
INT-World Cup,2022,United States,Tim Ream,United States,DF,34,1. Fulham,1987,4,4,360,4.0,0,0,0,0,0,0,1,0,0.0,0.0,0.0,0.0,0.0
INT-World Cup,2022,United States,Timothy Weah,United States,FW,22,1. Lille,2000,4,4,316,3.5,1,0,1,1,0,0,0,0,0.28,0.0,0.28,0.28,0.28
INT-World Cup,2022,United States,Tyler Adams,United States,MF,23,1. Leeds United,1999,4,4,360,4.0,0,0,0,0,0,0,1,0,0.0,0.0,0.0,0.0,0.0
INT-World Cup,2022,United States,Walker Zimmerman,United States,DF,29,1. Nashville SC,1993,4,3,279,3.1,0,0,0,0,0,0,0,0,0.0,0.0,0.0,0.0,0.0
INT-World Cup,2022,United States,Weston McKennie,United States,MF,23,1. Juventus,1998,4,4,271,3.0,0,0,0,0,0,0,1,0,0.0,0.0,0.0,0.0,0.0
INT-World Cup,2022,United States,Yunus Musah,United States,MF,19,1. Valencia,2002,4,4,343,3.8,0,0,0,0,0,0,0,0,0.0,0.0,0.0,0.0,0.0
INT-World Cup,2022,Uruguay,Agustín Canobbio,Uruguay,"FW,MF",23,1. Athletico–PR,1998,1,0,11,0.1,0,0,0,0,0,0,0,0,0.0,0.0,0.0,0.0,0.0
INT-World Cup,2022,Uruguay,Darwin Núñez,Uruguay,FW,22,1. Liverpool,1999,3,3,240,2.7,0,0,0,0,0,0,1,0,0.0,0.0,0.0,0.0,0.0
INT-World Cup,2022,Uruguay,Diego Godín,Uruguay,DF,36,1. Vélez Sarsfield,1986,2,2,151,1.7,0,0,0,0,0,0,0,0,0.0,0.0,0.0,0.0,0.0
INT-World Cup,2022,Uruguay,Edinson Cavani,Uruguay,FW,35,1. Valencia,1987,3,1,124,1.4,0,0,0,0,0,0,1,0,0.0,0.0,0.0,0.0,0.0
INT-World Cup,2022,Uruguay,Facundo Pellistri,Uruguay,"MF,FW",20,1. Manchester Utd,2001,3,2,181,2.0,0,0,0,0,0,0,0,0,0.0,0.0,0.0,0.0,0.0
INT-World Cup,2022,Uruguay,Federico Valverde,Uruguay,MF,23,1. Real Madrid,1998,3,3,270,3.0,0,0,0,0,0,0,0,0,0.0,0.0,0.0,0.0,0.0
INT-World Cup,2022,Uruguay,Giorgian de Arrascaeta,Uruguay,MF,28,1. Flamengo,1994,2,1,108,1.2,2,0,2,2,0,0,0,0,1.67,0.0,1.67,1.67,1.67
INT-World Cup,2022,Uruguay,Guillermo Varela,Uruguay,"MF,DF",29,1. Flamengo,1993,3,2,183,2.0,0,0,0,0,0,0,0,0,0.0,0.0,0.0,0.0,0.0
INT-World Cup,2022,Uruguay,José María Giménez,Uruguay,DF,27,1. Atlético Madrid,1995,3,3,270,3.0,0,0,0,0,0,0,1,0,0.0,0.0,0.0,0.0,0.0
INT-World Cup,2022,Uruguay,Luis Suárez,Uruguay,FW,35,1. Nacional,1987,3,2,146,1.6,0,1,1,0,0,0,1,0,0.0,0.62,0.62,0.0,0.62
INT-World Cup,2022,Uruguay,Martín Cáceres,Uruguay,DF,35,1. LA Galaxy,1987,1,1,90,1.0,0,0,0,0,0,0,1,0,0.0,0.0,0.0,0.0,0.0
INT-World Cup,2022,Uruguay,Mathías Olivera,Uruguay,"DF,MF",24,1. Napoli,1997,3,3,253,2.8,0,0,0,0,0,0,1,0,0.0,0.0,0.0,0.0,0.0
INT-World Cup,2022,Uruguay,Matías Vecino,Uruguay,MF,30,1. Lazio,1991,3,2,195,2.2,0,0,0,0,0,0,0,0,0.0,0.0,0.0,0.0,0.0
INT-World Cup,2022,Uruguay,Matías Viña,Uruguay,"DF,MF",24,1. Roma,1997,2,0,17,0.2,0,0,0,0,0,0,0,0,0.0,0.0,0.0,0.0,0.0
INT-World Cup,2022,Uruguay,Maxi Gómez,Uruguay,FW,25,1. Trabzonspor,1996,2,0,30,0.3,0,0,0,0,0,0,0,0,0.0,0.0,0.0,0.0,0.0
INT-World Cup,2022,Uruguay,Nicolás De La Cruz,Uruguay,MF,25,1. River Plate,1997,2,0,38,0.4,0,0,0,0,0,0,0,0,0.0,0.0,0.0,0.0,0.0
INT-World Cup,2022,Uruguay,Rodrigo Bentancur,Uruguay,MF,24,1. Tottenham,1997,3,3,213,2.4,0,0,0,0,0,0,1,0,0.0,0.0,0.0,0.0,0.0
INT-World Cup,2022,Uruguay,Sebastián Coates,Uruguay,DF,31,1. Sporting CP,1990,2,2,180,2.0,0,0,0,0,0,0,1,0,0.0,0.0,0.0,0.0,0.0
INT-World Cup,2022,Uruguay,Sergio Rochet,Uruguay,GK,29,1. Nacional,1993,3,3,270,3.0,0,0,0,0,0,0,0,0,0.0,0.0,0.0,0.0,0.0
INT-World Cup,2022,Wales,Aaron Ramsey,Wales,MF,31,1. Nice,1990,3,3,266,3.0,0,0,0,0,0,0,1,0,0.0,0.0,0.0,0.0,0.0
INT-World Cup,2022,Wales,Ben Davies,Wales,DF,29,1. Tottenham,1993,3,3,238,2.6,0,0,0,0,0,0,0,0,0.0,0.0,0.0,0.0,0.0
INT-World Cup,2022,Wales,Brennan Johnson,Wales,"FW,MF",21,1. Nottingham,2001,3,0,91,1.0,0,0,0,0,0,0,0,0,0.0,0.0,0.0,0.0,0.0
INT-World Cup,2022,Wales,Chris Mepham,Wales,DF,24,1. Bournemouth,1997,3,3,270,3.0,0,0,0,0,0,0,1,0,0.0,0.0,0.0,0.0,0.0
INT-World Cup,2022,Wales,Connor Roberts,Wales,"MF,DF",26,2. Burnley,1995,3,2,200,2.2,0,0,0,0,0,0,0,0,0.0,0.0,0.0,0.0,0.0
INT-World Cup,2022,Wales,Daniel James,Wales,"MF,FW",24,1. Fulham,1997,3,2,154,1.7,0,0,0,0,0,0,1,0,0.0,0.0,0.0,0.0,0.0
INT-World Cup,2022,Wales,Danny Ward,Wales,GK,28,1. Leicester City,1993,2,1,94,1.0,0,0,0,0,0,0,0,0,0.0,0.0,0.0,0.0,0.0
INT-World Cup,2022,Wales,Ethan Ampadu,Wales,MF,21,1. Spezia,2000,3,3,255,2.8,0,0,0,0,0,0,0,0,0.0,0.0,0.0,0.0,0.0
INT-World Cup,2022,Wales,Gareth Bale,Wales,"FW,MF",32,1. LAFC,1989,3,3,225,2.5,1,0,1,0,1,1,1,0,0.4,0.0,0.4,0.0,0.0
INT-World Cup,2022,Wales,Harry Wilson,Wales,MF,25,1. Fulham,1997,3,2,160,1.8,0,0,0,0,0,0,0,0,0.0,0.0,0.0,0.0,0.0
INT-World Cup,2022,Wales,Joe Allen,Wales,MF,32,2. Swansea City,1990,2,1,94,1.0,0,0,0,0,0,0,0,0,0.0,0.0,0.0,0.0,0.0
INT-World Cup,2022,Wales,Joe Morrell,Wales,"FW,MF",25,3. Portsmouth,1997,2,0,33,0.4,0,0,0,0,0,0,0,0,0.0,0.0,0.0,0.0,0.0
INT-World Cup,2022,Wales,Joe Rodon,Wales,DF,24,1. Rennes,1997,3,3,270,3.0,0,0,0,0,0,0,1,0,0.0,0.0,0.0,0.0,0.0
INT-World Cup,2022,Wales,Kieffer Moore,Wales,FW,29,1. Bournemouth,1992,3,2,225,2.5,0,0,0,0,0,0,0,0,0.0,0.0,0.0,0.0,0.0
INT-World Cup,2022,Wales,Neco Williams,Wales,"DF,MF",21,1. Nottingham,2001,3,3,204,2.3,0,0,0,0,0,0,0,0,0.0,0.0,0.0,0.0,0.0
INT-World Cup,2022,Wales,Rubin Colwill,Wales,MF,20,2. Cardiff City,2002,1,0,10,0.1,0,0,0,0,0,0,0,0,0.0,0.0,0.0,0.0,0.0
INT-World Cup,2022,Wales,Sorba Thomas,Wales,"FW,MF",22,2. Huddersfield,1999,1,0,1,0.0,0,0,0,0,0,0,0,0,0.0,0.0,0.0,0.0,0.0
INT-World Cup,2022,Wales,Wayne Hennessey,Wales,GK,35,1. Nottingham,1987,2,2,175,1.9,0,0,0,0,0,0,0,1,0.0,0.0,0.0,0.0,0.0
